1.30815,nan,nan
0.707107,0.406586,nan
2.12132,1.41421,0.701615
0.707107,0.707107,0.742336
1.06066,0.883883,0.729206
0.707107,0.883883,0.742499
0.707107,2.82843,0.78276
1.3435,3.14663,0.73783
1.41421,0.0353553,0.737564
0.707107,1.06066,0.753201
4.59619,1.94454,0.780851
1.0253,1.75009,0.779204
0.707107,0.159099,0.781602
4.59619,2.2981,0.810905
3.74767,0.742462,0.801139
3.04056,0.0353553,0.793682
3.39411,0.176777,0.79603
1.41421,0.282843,0.789798
0.565685,1.69706,0.816429
3.18198,1.52028,0.769503
2.65165,0.441942,0.793346
1.55563,0.159099,0.820912
2.26274,0.353553,0.80863
0.353553,0.954594,0.793629
3.0052,1.67938,0.815828
0.353553,1.67938,0.793359
1.09602,3.72999,0.849176
2.86378,3.53553,0.891862
7.95495,0.424264,0.882721
2.33345,5.85131,0.810014
1.23744,0.512652,0.809885
2.40416,1.00763,0.805734
2.08597,0.159099,0.794301
0.0353553,1.73241,0.782753
0.777817,0.441942,0.777228
0.141421,0.318198,0.781246
2.82843,2.40416,0.817095
1.9799,0.636396,0.80529
1.09602,11.0485,0.711382
4.9851,2.22739,0.79689
0.353553,7.33623,0.835271
0.707107,0.53033,0.816533
2.40416,4.80833,0.948759
2.47487,2.08597,0.961295
2.12132,2.65165,0.692607
4.87904,10.2177,0.769506
3.11127,0.53033,0.924228
3.46482,0.176777,nan
0.707107,0.0353553,nan
0.247487,5.7806,0.371744
2.12132,1.53796,nan
0.353553,1.59099,nan
0.353553,0,0.41757
3.07591,0.76014,0.441737
1.06066,1.36118,0.475594
2.12132,1.59099,0.699263
0.353553,13.2583,0.599521
2.82843,2.2981,0.804886
0.282843,0.848528,0.578409
0.707107,3.04056,0.622173
1.27279,0.989949,0.68855
1.52028,5.07349,0.840963
1.76777,1.64402,0.828716
1.20208,1.48492,0.884364
2.12132,3.07591,0.812262
2.08597,0.0176777,0.898386
0.53033,1.83848,0.63619
3.18198,9.45755,0.748851
1.76777,4.24264,0.739839
0.707107,2.2981,0.726417
0.247487,0.22981,0.724039
2.05061,3.27037,0.687883
3.74767,2.05061,0.664102
3.50018,0.583363,0.670993
7.07107,5.99273,0.606189
5.65685,10.6066,0.419259
4.59619,0.53033,0.289198
2.75772,34.0825,0.451344
0.565685,10.2884,nan
0.353553,1.87383,nan
2.43952,10.5889,nan
0.247487,17.2534,0.75632
0.388909,6.43467,0.816166
0.318198,0.353553,0.819578
0.777817,0.053033,0.81909
2.05061,3.0052,0.790015
0.0353553,1.8208,0.80792
0.353553,0.901561,0.799139
0.353553,0.353553,0.795711
1.37886,0.512652,0.88963
0.989949,1.29047,0.901733
2.12132,0.919239,0.893238
1.0253,2.63397,0.930466
1.41421,0.866206,0.922644
2.58094,0.83085,0.930283
2.12132,0.22981,0.932376
0.212132,1.6617,0.904305
0.707107,0.459619,0.90008
0.707107,9.19239,0.821126
0.636396,10.5712,0.926198
2.08597,0.76014,1.01846
6.68216,2.68701,0.999008
6.36396,0.159099,0.997604
4.17193,0.353553,1.00078
0.707107,2.47487,0.974324
1.41421,0.353553,0.851043
1.41421,4.94975,0.812142
1.30815,11.3314,nan
0.353553,0.866206,0.775119
0.636396,0.141421,0.814938
0.565685,0.813173,0.806331
4.24264,9.12168,0.707076
1.41421,1.76777,0.783508
0.636396,3.92444,0.788448
0.353553,1.55563,0.770223
0.707107,5.48008,1.09551
1.41421,1.76777,1.11709
0.707107,1.06066,1.1113
0.707107,5.65685,1.05516
2.12132,1.41421,1.04088
6.43467,4.91439,0.990287
1.41421,1.0253,1.00069
2.26274,7.49533,1.0776
3.18198,3.42947,1.04327
0.353553,4.73762,1.09054
0.848528,1.52028,1.09651
2.19203,6.36396,1.17509
0.565685,2.47487,1.08659
0.671751,0.053033,1.11359
0.141421,0.194454,1.15554
1.41421,0.636396,1.07027
1.59099,0.0883883,1.0605
1.41421,0.0883883,0.993652
1.37886,1.43189,1.00889
0.0353553,0.707107,1.0018
0.707107,0.335876,1.00515
0.707107,2.12132,1.0218
0.565685,2.89914,1.00552
1.44957,0.441942,1.00117
0.954594,4.70226,0.953611
0.0707107,0.548008,0.947944
1.76777,1.20208,0.96045
0.989949,0.671751,0.953558
2.12132,1.55563,0.969648
1.41421,0.353553,0.966062
0.0353553,0.689429,0.959042
2.33345,2.59862,0.932131
2.36881,0.0176777,0.931959
2.79307,2.58094,0.968137
2.79307,1.37886,0.954027
1.0253,0.176777,0.955916
1.09602,2.75772,0.984144
1.3435,0.548008,0.989726
0.707107,1.0253,0.979391
3.6416,1.46725,0.95316
2.82843,0.30052,0.956248
2.12132,1.06066,0.945384
0.0353553,1.39654,0.959863
2.08597,0.742462,0.967477
2.82843,2.49255,0.983427
1.76777,0.53033,0.978136
2.08597,2.63397,0.951095
0.636396,0.689429,0.901521
1.37886,0.335876,0.947447
0.282843,0.512652,0.94129
0.707107,0.141421,0.943533
0.636396,0.0353553,0.932507
1.73241,1.60867,0.922446
0.707107,2.66933,0.898333
0.954594,0.123744,0.901785
1.80312,2.15668,0.875405
2.08597,1.9799,0.850306
2.05061,0.0176777,0.860541
3.57089,1.43189,0.871566
2.93449,0.388909,0.876453
0.707107,0.30052,0.878947
2.12132,0.707107,0.873969
0.671751,0.0176777,0.874257
1.41421,0.335876,0.868101
1.30815,0.053033,0.893301
1.0253,0.141421,0.903671
0.707107,0.866206,0.913751
0.53033,7.68979,0.825879
1.3435,0.406586,0.815727
1.3435,0.707107,0.824984
0.141421,2.22739,0.802081
0.318198,0.441942,0.797016
2.54558,3.4825,0.80317
0.707107,0.919239,0.80945
0.707107,2.12132,0.840307
0.247487,0.159099,0.848587
0.707107,0.866206,0.818102
4.94975,3.53553,nan
3.11127,5.12652,1.24032
0.707107,0.53033,1.24614
1.0253,19.6399,0.801562
0.919239,1.46725,0.776284
0.353553,1.37886,0.550594
2.40416,2.12132,0.492852
0.0353553,2.66933,0.375421
1.37886,4.278,0.817303
0.813173,3.25269,0.910988
3.3234,4.4371,0.856741
0.777817,1.6617,0.806895
1.3435,0.707107,0.824412
2.12132,1.73241,0.772296
0.919239,0.601041,0.808976
1.37886,1.1844,0.826333
1.41421,0.689429,0.830044
0.707107,1.76777,0.858237
0.601041,1.46725,0.876621
0.919239,1.39654,0.819505
0.106066,1.14905,0.807507
0.353553,0.477297,0.801615
1.62635,1.3435,0.802518
0.0353553,0.441942,0.806395
1.41421,2.139,0.889465
1.41421,1.41421,0.872906
0.247487,1.29047,0.856492
0.459619,0.353553,0.861065
1.76777,0.76014,0.870781
2.26274,0.247487,0.87393
1.09602,2.03293,0.847899
3.35876,1.48492,0.872416
0.777817,0.22981,0.867521
1.06066,0.424264,0.818514
0.707107,0.176777,0.820956
0.282843,0.212132,0.875257
0.282843,0.282843,0.871708
0.565685,0.141421,0.873541
0.919239,0.176777,0.875803
0.601041,0.123744,0.882609
0.707107,0.76014,0.886911
0.0353553,4.57852,0.941749
2.75772,1.43189,0.92502
3.88909,1.62635,0.944164
2.47487,0.353553,0.866724
0.707107,1.59099,0.86898
0.742462,1.04298,0.897505
2.82843,0.689429,0.872772
2.43952,0.512652,0.940087
2.54558,2.49255,0.910851
5.9397,3.25269,0.879034
1.27279,0.777817,0.866679
3.88909,2.58094,0.862553
3.18198,3.53553,0.878396
1.76777,0.707107,0.859345
3.88909,2.82843,0.834269
1.69706,2.79307,0.869498
1.94454,0.512652,0.956667
1.0253,0.919239,0.866293
1.3435,1.1844,0.961168
0.0353553,1.71473,0.982862
0.388909,3.71231,1.0234
3.14663,0,1.02341
0.318198,1.76777,1.04219
0.954594,0.318198,1.03886
0.212132,0.30052,0.890192
0.707107,3.78302,0.849859
0.671751,3.51786,0.960195
1.37886,1.0253,0.84952
1.41421,1.39654,0.844781
0.0353553,1.39654,0.851234
0.0707107,2.06829,0.835323
0.707107,0.318198,0.850107
1.41421,1.06066,0.860235
0.707107,0.353553,0.881339
0.707107,0,0.877773
0.176777,1.32583,0.871498
0.636396,0.123744,0.871083
2.12132,1.37886,0.872462
1.41421,0.353553,0.91963
0.707107,0.353553,0.924354
1.41421,0.353553,0.925878
1.37886,0.0176777,0.905746
1.41421,0.0176777,0.912245
1.76777,1.59099,0.930557
1.06066,0.353553,0.935213
1.30815,0.22981,1.02903
0.707107,1.00763,0.977549
0.601041,0.053033,1.01682
0.459619,0.0707107,1.01761
0.388909,0.0353553,0.984298
0.0353553,0.212132,1.0441
0.636396,0.371231,1.04764
1.20208,1.13137,0.962179
0.707107,0.954594,1.06563
0.565685,0.0707107,1.00833
0.353553,0.106066,1.06853
0.318198,0.0176777,1.06875
0.707107,0.548008,0.967622
2.12132,2.12132,0.943237
1.41421,0.353553,0.94168
1.06066,0.176777,0.943758
0.318198,0.371231,0.939501
0.707107,0.548008,0.945869
0.707107,0.707107,0.953971
0.671751,0.689429,0.949138
0.707107,0.689429,0.947138
0.671751,0.0176777,0.937435
0.636396,1.36118,0.966701
0.53033,0.583363,0.958715
1.0253,0.388909,0.96556
0.671751,1.62635,0.985603
0.707107,0.724784,0.904753
1.20208,0.954594,0.941618
1.27279,0.742462,0.962097
1.06066,1.30815,0.966907
2.43952,1.43189,0.982285
1.37886,0.848528,0.987179
2.01525,0.353553,0.923473
2.08597,0.0353553,0.996156
0.494975,0.795495,1.00466
0.0353553,2.35113,1.02984
2.05061,1.75009,1.04748
0.707107,0.388909,1.0511
0.707107,1.06066,0.875646
1.41421,0.353553,0.866019
2.82843,1.41421,0.847451
1.37886,0.724784,0.841432
3.50018,1.06066,0.996712
0.707107,1.39654,0.835184
0.601041,4.18961,0.809591
0.601041,0.813173,0.928739
0.707107,0.654074,0.92623
0.777817,0.742462,0.944607
1.41421,0.318198,0.970161
0.848528,1.6617,0.96676
0.565685,0.671751,0.869492
1.0253,0.618718,0.941382
1.41421,1.21976,0.954599
2.05061,0.353553,0.951197
2.12132,20.5061,nan
2.05061,5.6215,0.493864
0.707107,2.08597,0.901412
2.08597,6.73519,0.982184
1.3435,1.78544,0.961629
2.82843,1.06066,0.973474
0.989949,6.50538,0.867842
1.3435,0.176777,0.843756
0.707107,2.51023,0.865904
1.37886,1.04298,0.878653
0.707107,1.75009,0.902269
2.86378,1.04298,0.914943
0.459619,1.16673,0.900897
1.41421,0.512652,0.906848
1.06066,5.44472,0.91709
1.94454,0.441942,0.922494
0.53033,1.06066,0.914884
0.353553,0.0883883,0.96515
1.59099,3.4825,1.0051
1.0253,0.282843,1.00198
2.08597,1.59099,1.01978
1.06066,2.28042,1.04481
0.353553,0.707107,1.03716
0.813173,1.1844,1.05003
2.26274,0.053033,1.04904
1.27279,0.494975,0.957749
2.12132,1.09602,1.04071
1.37886,0.371231,0.94749
0.848528,1.8208,0.933829
0.636396,1.30815,0.926019
3.14663,2.24506,0.930737
2.43952,1.37886,1.012
2.12132,0.512652,1.01923
2.01525,0.194454,0.941807
0.424264,0.76014,1.01408
0.707107,1.9799,1.03596
0.707107,0.707107,1.04371
3.71231,2.66933,1.07233
5.26795,2.47487,1.0983
3.53553,0.901561,1.08853
0.247487,0.866206,1.09582
1.06066,2.8461,1.12651
1.90919,0.601041,1.12133
2.08597,2.52791,0.514624
1.30815,9.47523,0.884113
2.05061,0.335876,0.887706
3.25269,0.601041,1.03393
2.43952,2.91682,1.00241
1.83848,0.972272,1.00893
1.76777,3.25269,1.04693
1.0253,4.93207,0.9942
1.30815,0.848528,0.985197
0.636396,0.335876,0.987146
1.13137,0.459619,0.970166
0.777817,0.883883,0.982481
0.707107,0.318198,0.956359
1.06066,0.176777,0.982914
0.707107,0.176777,0.905347
1.44957,1.04298,0.907731
0.671751,0.318198,0.914273
0.212132,4.01283,0.888602
5.65685,2.58094,0.917856
0.989949,2.6163,0.830121
0.353553,2.86378,0.853242
0.0707107,0.212132,0.851645
2.47487,1.62635,0.83443
0.353553,2.47487,0.862835
0.777817,2.26274,0.89592
1.76777,0.494975,0.7796
0.318198,0.0176777,0.779401
0.141421,1.64402,0.857957
1.73241,0.936916,0.840894
2.40416,1.43189,0.769721
2.01525,0.123744,0.853728
0.212132,1.25511,0.896702
2.82843,0.601041,0.936282
1.06066,0.883883,0.872201
0.353553,0.707107,0.863411
2.47487,5.3033,0.843178
1.41421,2.65165,0.750984
2.12132,2.47487,0.78824
1.41421,0.353553,0.793708
1.13137,0.813173,0.781866
1.20208,5.51543,0.858425
0.777817,0.636396,0.866493
0.777817,1.3435,0.889226
5.02046,1.87383,0.86541
2.79307,2.24506,0.894004
2.12132,2.49255,0.919382
3.39411,1.44957,0.875282
5.58614,0.989949,0.862913
4.17193,0.707107,0.853712
4.17193,0.707107,0.833084
3.14663,0.512652,0.840543
2.08597,0.494975,0.847669
1.41421,1.04298,0.833325
2.12132,0.353553,0.838137
3.53553,2.82843,0.782314
40.3051,18.3848,nan
6.71751,16.7938,1.11424
6.32861,0.194454,0.870858
4.94975,1.43189,0.7786
2.08597,1.43189,0.769472
3.6416,1.62635,0.855299
3.81838,1.5026,0.84134
3.39411,0.494975,0.778677
1.41421,0.636396,0.850112
2.82843,2.47487,0.805008
4.94975,5.65685,0.878607
4.56084,0.159099,0.827325
0.636396,2.63397,0.834276
3.88909,2.6163,0.827113
1.41421,1.23744,0.782599
3.18198,0.883883,0.827987
4.52548,2.43952,0.827698
4.20729,0.159099,0.836266
2.82843,0.689429,0.816541
0.707107,1.76777,0.855233
3.18198,1.59099,0.837574
0.353553,1.76777,0.795064
3.14663,2.139,0.839757
0.0353553,2.65165,0.858052
0.671751,0.318198,0.864395
1.41421,1.07834,0.875431
2.75772,6.32861,0.837275
4.24264,3.50018,0.959545
4.24264,1.06066,0.98622
0.353553,1.59099,0.999445
1.13137,3.50018,0.964608
0.707107,10.3945,0.983053
3.53553,1.41421,1.01489
0.0353553,3.51786,1.05269
2.75772,1.71473,1.02025
0.707107,0.318198,1.02422
1.55563,0.848528,0.917788
2.08597,0.159099,0.917685
0.318198,1.23744,0.896074
1.69706,1.07834,0.915925
2.54558,0.424264,0.925666
0.707107,1.13137,0.939769
2.08597,1.39654,0.934132
3.18198,3.37643,0.903323
2.47487,0,0.895812
3.81838,3.85373,0.88409
0.883883,3.23501,0.87435
0.707107,3.27037,0.91975
1.06066,1.94454,0.889997
1.73241,0.689429,0.914824
0.353553,1.04298,0.915162
0.353553,0.353553,0.913646
2.82843,2.65165,0.892925
0.989949,0.848528,0.864625
0.813173,0.159099,0.90476
1.41421,1.11369,0.908163
3.46482,1.06066,0.892758
3.14663,0.159099,0.906043
2.05061,0.512652,0.884962
3.46482,0.707107,0.905804
1.41421,1.0253,0.905074
3.39411,1.69706,0.885502
0.318198,3.41179,0.844769
2.43952,1.76777,0.817821
2.08597,0.53033,0.862028
1.41421,0.371231,0.859135
1.30815,0.053033,0.860486
2.47487,0.83085,0.823345
0.707107,1.59099,0.838026
2.79307,1.04298,0.85101
0.282843,0.866206,0.907771
0.0707107,0.176777,0.810806
0.0353553,0.0176777,0.754092
2.43952,1.16673,0.738702
0.106066,2.01525,0.766823
1.41421,4.68458,0.701204
0.282843,0.848528,0.682133
0.989949,0.353553,0.693891
2.26274,0.0707107,0.695124
1.41421,0.424264,0.702161
1.06066,0.53033,0.710711
1.41421,3.71231,0.762842
2.68701,0.0707107,0.762355
2.12132,1.69706,0.738246
0.813173,0.866206,0.77797
2.26274,0.724784,0.768416
2.12132,0.141421,0.764495
0.636396,2.79307,0.825416
2.12132,2.79307,0.79545
0.707107,3.53553,0.748607
2.12132,0,0.748788
0.459619,0.123744,0.755779
0.601041,1.48492,0.73417
0.636396,0.724784,0.724217
0.707107,0.0353553,0.723111
4.84368,1.43189,0.744474
2.08597,5.6215,0.824931
2.12132,1.39654,0.779857
1.55563,0.0707107,0.767716
19.0919,13.3643,nan
1.41421,10.9602,0.964834
2.12132,0.353553,0.964363
1.41421,0.353553,0.962858
2.75772,0.671751,0.952341
1.41421,2.79307,0.985611
2.79307,0.689429,0.99808
2.12132,0.335876,0.994781
3.53553,1.06066,0.985177
0.707107,3.18198,1.01636
0.636396,0.0353553,0.910919
0.707107,4.278,0.85745
1.41421,3.18198,0.816045
1.06066,5.12652,0.730537
0.671751,2.28042,0.706164
3.25269,5.10885,0.609827
2.12132,0.848528,0.628486
2.47487,3.35876,0.527015
1.27279,0.601041,0.611262
3.18198,1.76777,0.678069
2.82843,0.0707107,0.679575
0.848528,1.83848,0.741814
1.41421,1.13137,0.843043
2.12132,0.353553,0.781783
0.671751,1.39654,0.771926
1.06066,0.512652,0.678967
0.424264,0.282843,0.598611
0.459619,0.0176777,0.598277
0.601041,0.141421,0.601293
1.09602,0.247487,0.635756
0.636396,1.85616,0.598322
0.565685,0.671751,0.980798
0.707107,1.3435,0.709965
1.20208,0.247487,0.711705
0.707107,0.106066,0.713483
1.06066,1.23744,0.733513
0.919239,0.424264,0.740188
0.671751,0.795495,0.813046
0.0353553,0.353553,0.818009
0.494975,0.441942,0.805963
0.141421,0.176777,0.802562
1.41421,0.636396,0.80486
0.707107,1.55563,0.782424
0.636396,0.671751,0.772772
1.20208,2.33345,0.807017
0.671751,0.265165,0.675298
0.353553,0.194454,0.678006
0.707107,0.176777,0.716411
0.707107,0.707107,0.753206
0.353553,1.59099,0.728707
1.27279,0.459619,0.735993
0.707107,0.282843,0.731113
1.30815,0.406586,0.724658
0.494975,1.71473,0.751534
0.707107,0.601041,0.74296
1.73241,3.02288,0.726443
1.37886,0.176777,0.729238
2.12132,0.335876,0.721713
2.08597,0.0176777,0.734139
2.12132,0.0176777,0.734525
3.18198,0.53033,0.74264
1.76777,0.707107,0.731851
0.353553,1.06066,0.748035
1.76777,0.353553,0.783641
0.707107,1.59099,0.80613
1.76777,1.23744,0.788583
0.0707107,2.82843,0.747888
0.565685,0.247487,0.775074
1.83848,1.20208,0.791865
1.41421,2.75772,0.830506
2.12132,0.707107,0.821029
3.0052,1.5026,0.771015
0.353553,1.85616,0.743513
2.12132,1.23744,0.762152
1.76777,3.6416,0.704752
1.59099,0.548008,0.714436
0.176777,1.06066,0.696915
2.12132,2.38649,0.735652
0.282843,1.20208,0.754039
1.55563,0.919239,0.801334
1.41421,0.636396,0.792404
1.06066,0.176777,0.794583
0.707107,1.23744,0.836716
0.353553,0.53033,0.829427
0.353553,0.707107,0.839181
0.707107,0.883883,0.827332
1.06066,1.23744,0.844346
0.707107,1.23744,0.827506
1.37886,0.335876,0.832355
0.636396,0.30052,0.827682
0.671751,2.139,0.797963
21.2132,1.04298,nan
7.70746,6.01041,nan
0.707107,3.53553,nan
0.707107,0.707107,nan
1.76777,0.883883,nan
3.18198,1.06066,1.0249
2.47487,0.353553,1.17847
3.04056,2.89914,0.859567
3.18198,1.83848,1.36554
2.12132,0.176777,0.854808
2.12132,1.41421,0.825921
0.707107,0,0.867719
2.12132,2.12132,0.839706
2.12132,0,0.843296
2.82843,0.353553,0.838421
2.79307,0.0176777,0.832095
2.43952,0.176777,0.819504
2.47487,0.0176777,0.789225
1.06066,0.707107,0.834321
2.82843,0.883883,0.844801
0.353553,1.94454,0.866225
0.707107,0.53033,0.873019
1.76777,1.23744,0.827582
0.353553,0.707107,0.825642
1.41421,0.883883,0.867935
0.671751,1.75009,0.848316
0.707107,0.0176777,0.884364
1.06066,0.883883,0.893544
0.707107,0.883883,0.881667
0.601041,0.053033,0.872491
0.0353553,1.09602,0.937317
1.37886,0.707107,0.879478
1.23744,0.0707107,0.829803
1.06066,0.0883883,0.870683
2.33345,1.69706,0.890047
1.3435,0.424264,0.865322
2.82843,0.742462,0.870934
2.72236,0.053033,0.865825
2.82843,0.053033,0.870972
1.37886,2.81075,0.893668
1.23744,0.0707107,0.858898
1.06066,0.265165,0.86222
0.353553,0.353553,0.861945
0.318198,1.04298,0.959656
1.06066,0.689429,0.895786
1.37886,0.159099,0.897115
0.318198,0.53033,0.898003
0.636396,0.159099,0.951264
1.41421,2.43952,0.859163
0.565685,0.424264,0.860661
1.41421,0.989949,0.954891
1.20208,0.777817,0.971778
1.06066,0.247487,0.854734
0.141421,0.813173,0.848603
1.83848,1.90919,0.958838
2.12132,0.494975,0.845574
1.41421,0.353553,0.866489
1.76777,3.35876,0.840619
0.707107,0.53033,0.826399
0.353553,0.53033,0.827799
2.12132,0.53033,0.852575
2.82843,0.353553,0.855774
1.41421,0.707107,0.94062
2.12132,0.353553,0.86418
0.671751,0.724784,0.930985
0.707107,0.689429,0.845151
1.41421,0.353553,0.855293
1.73241,0.159099,0.857668
0.707107,0.512652,0.858629
0.671751,0.0176777,0.910028
0.0353553,0.353553,0.832182
1.06066,0.866206,0.930496
1.06066,0.707107,0.830706
0.777817,0.919239,0.818996
0.707107,0.0353553,0.868635
1.41421,0.353553,0.886907
0.707107,0.353553,0.873205
1.41421,0.353553,0.881903
0.671751,0.371231,0.90189
0.636396,0.0176777,0.824222
1.30815,1.00763,0.822126
0.636396,0.30052,0.882438
1.41421,0.318198,0.854965
1.41421,1.41421,0.835402
1.37886,0.0176777,0.845264
0.707107,1.07834,0.83759
0.353553,0.176777,0.83267
1.06066,0.353553,0.833173
0.282843,0.318198,0.849083
0.247487,0.0176777,0.834651
1.37886,1.27279,0.866184
0.671751,1.76777,0.890076
1.37886,1.0253,0.891026
0.671751,1.0253,0.863255
2.05061,0.689429,0.871979
0.707107,0,0.76027
0.707107,0,0.868263
0.671751,0.0176777,0.865852
0.601041,0.0353553,0.873332
0.353553,0.159099,0.858853
1.37886,0.866206,0.847122
1.0253,0.176777,0.817898
1.09602,0.388909,0.815524
0.353553,0.335876,0.810994
0.707107,0.176777,0.808641
0.353553,1.23744,0.803247
0.707107,1.94454,0.885158
1.41421,1.06066,0.847347
0.707107,0.353553,0.877265
0.707107,0.707107,0.868108
0.707107,0,0.901593
0.707107,0.707107,0.877576
0.671751,0.689429,0.847318
1.48492,0.441942,0.874469
0.707107,0.247487,0.828711
0.565685,0.0707107,0.810414
0.671751,0.76014,0.809912
1.0253,0.176777,0.849193
1.06066,0.0176777,0.848754
0.707107,0.176777,0.862661
0.353553,0.53033,0.841417
0.636396,0.494975,0.84904
0.282843,0.176777,0.81157
0.53033,0.477297,0.861765
2.01525,0.813173,0.805452
1.37886,0.318198,0.870579
0.707107,0.335876,0.872245
1.41421,0.353553,0.870489
0.707107,0.353553,0.87517
0.707107,0.707107,0.819663
0.636396,0.742462,0.819991
0.601041,0.0176777,0.79646
0.707107,1.43189,0.803161
0.707107,0.707107,0.843213
0.707107,0.707107,0.852795
1.37886,0.335876,0.871204
1.06066,0.159099,0.873318
1.0253,0.0176777,0.87358
0.707107,0.159099,0.827053
1.41421,1.76777,0.778243
0.707107,0.353553,0.845911
1.20208,0.247487,0.842588
1.41421,0.106066,0.841226
1.37886,0.0176777,0.847283
1.3435,0.0176777,0.847554
1.06066,0.494975,0.854302
0.707107,1.94454,0.873706
0.707107,0.707107,0.864436
1.41421,0.353553,0.866437
2.12132,1.76777,0.889559
3.6416,2.77539,0.924445
3.18198,0.83085,0.91418
3.88909,0.353553,0.892902
3.18198,0.353553,0.900166
2.82843,0.176777,0.859711
4.24264,1.76777,0.882629
2.08597,1.39654,0.870237
7.74282,3.53553,0.765095
7.03571,1.0253,0.911379
9.12168,0.335876,0.766546
0.0353553,3.83605,0.801655
4.91439,3.85373,0.915797
5.6215,0.353553,0.85773
4.94975,0.335876,0.852873
2.12132,0,0.737114
1.41421,1.76777,0.732458
4.94975,2.47487,0.773602
8.52064,4.61387,0.828693
41.0122,12.0385,nan
7.77817,8.13173,0.622135
4.94975,1.41421,0.784553
2.82843,0.707107,0.795006
2.79307,2.4572,0.835826
2.47487,1.96222,0.856672
2.82843,0.53033,0.849592
2.22739,0.30052,0.845556
1.41421,1.71473,0.812863
1.06066,1.90919,0.805505
3.6416,0.265165,0.891063
4.70226,0.53033,0.902184
3.99515,0.353553,0.878893
3.88909,0.053033,0.854056
3.18198,0.353553,0.846187
3.88909,0.353553,0.835631
3.53553,0.176777,0.831325
3.18198,0.176777,0.829984
3.14663,0.371231,0.816803
1.30815,0.919239,0.877875
0.494975,0.22981,0.86412
2.12132,0.813173,0.891194
3.11127,4.80833,0.831876
1.69706,0.707107,0.844626
1.06066,0.318198,0.826836
0.318198,2.81075,0.862913
0.318198,0.707107,0.871195
3.18198,0.724784,0.880688
0.353553,1.06066,0.887831
0.353553,0.707107,0.72172
0.353553,5.65685,0.797505
2.12132,2.2981,0.826751
1.37886,5.28562,0.668248
0.707107,3.1643,0.714394
2.12132,1.41421,0.694307
0.707107,0.707107,0.673797
1.76777,0.53033,0.650247
1.3435,0.212132,0.64699
0.0707107,0.707107,0.651487
2.86378,1.75009,0.677561
2.96985,1.1844,0.657861
0.777817,2.58094,0.617959
2.82843,0.388909,0.624342
3.11127,1.59099,0.598215
2.75772,0.494975,0.589757
3.88909,3.74767,0.565711
2.51023,2.10364,0.563688
1.27279,1.64402,0.594438
1.3435,2.01525,0.723675
0.707107,3.14663,0.709312
1.41421,3.18198,0.760138
0.671751,1.78544,0.759866
1.3435,1.07834,0.75694
2.47487,0.141421,0.743456
2.08597,1.92687,0.746905
2.79307,6.71751,0.802562
1.80312,0.494975,0.829212
2.12132,0.159099,0.798459
0.424264,3.3234,0.785226
3.18198,1.80312,0.781018
1.37886,5.81595,0.849902
1.94454,2.54558,0.81987
0.318198,3.42947,0.859164
2.01525,1.20208,0.846579
1.41421,1.78544,0.693539
2.82843,0.707107,0.689848
0.707107,1.06066,0.709828
0.282843,0.212132,0.707057
2.82843,5.79828,0.784748
45.9619,10.9602,1.40087
45.9973,0.0176777,1.34768
2.12132,31.1304,1.61481
2.82843,2.86378,1.5662
2.12132,6.36396,0.766538
3.53553,2.82843,1.57972
2.79307,6.69984,1.64932
3.3234,1.32583,1.54485
3.0052,0.159099,0.797335
0.141421,6.87661,1.48984
1.62635,2.82843,1.51574
1.23744,0.194454,1.46843
1.41421,1.32583,1.49323
1.3435,0.0353553,1.4725
0.353553,0.212132,1.47086
0.636396,0.141421,1.4742
0.671751,3.55321,1.18999
0.0353553,0.353553,0.921629
1.37886,0,0.720621
1.44957,3.50018,0.683024
0.0707107,0.689429,0.740525
1.41421,0.742462,0.731617
0.707107,1.06066,0.719233
0.353553,0.176777,0.748674
0.282843,0.0353553,0.750759
0.353553,1.0253,0.760823
0.707107,0.247487,0.779693
2.12132,7.00036,0.832214
0.636396,1.37886,0.831905
0.424264,0.601041,0.863417
1.9799,1.27279,0.85756
1.06066,0.53033,0.73786
1.0253,0.0176777,0.870058
0.0707107,1.53796,0.74647
3.18198,2.33345,0.828653
0.742462,1.14905,0.841711
0.636396,1.99758,0.830307
2.82843,3.85373,0.754522
1.76777,1.23744,0.884985
1.30815,0.22981,0.760809
3.18198,2.95217,0.783291
2.36881,0.30052,0.746036
3.07591,0.353553,0.725933
2.12132,0.22981,0.728661
1.16673,0.477297,0.747073
0.353553,1.46725,0.888268
0.565685,0.813173,0.891639
0.494975,0.0353553,0.920835
0.53033,0.0176777,0.895816
0.707107,0.76014,0.902034
0.0353553,1.04298,0.896485
0.707107,1.07834,0.888044
1.94454,1.32583,0.886796
0.671751,0.848528,0.878117
0.282843,2.88146,0.857466
0.353553,0.424264,0.858505
1.41421,0.53033,0.847353
0.636396,0.318198,0.844466
2.82843,0.318198,0.847899
2.43952,2.98753,0.841003
3.18198,3.51786,0.853701
2.82843,0.176777,0.860633
2.15668,5.32098,0.802722
1.37886,4.56084,0.749428
0.353553,0.159099,0.810351
1.41421,2.65165,0.803996
3.0052,1.5026,0.820892
2.2981,2.65165,0.790947
1.73241,0.424264,0.785564
2.43952,0.353553,0.790198
0.53033,2.93449,0.82304
1.94454,0.671751,0.830993
3.0052,2.40416,0.804174
0.353553,6.52306,0.726669
4.20729,11.8264,0.5753
2.12132,3.87141,0.640117
3.39411,3.60624,0.685025
3.88909,0.813173,0.695367
2.47487,1.06066,0.71219
0.707107,1.94454,0.687162
0.636396,0.0353553,0.720782
3.46482,7.84889,0.795026
0.707107,0.388909,0.790081
0.707107,1.06066,0.802518
2.12132,2.82843,0.824721
2.58094,2.35113,0.850641
0.0353553,1.52028,0.867046
1.0253,1.59099,0.849937
0.707107,0.159099,0.848233
0.636396,0.742462,0.83969
1.0253,0.22981,0.837828
2.82843,0.866206,0.847405
2.36881,0.159099,0.850822
1.6617,0.424264,0.846413
0.353553,0.654074,0.813575
0.353553,1.76777,0.812169
0.707107,0.53033,0.818697
0.353553,0.53033,0.812341
0.0707107,0.848528,0.796534
2.47487,4.80833,0.824395
1.27279,0.106066,0.805416
2.12132,0.989949,0.794773
2.43952,1.96222,0.778556
1.41421,0.194454,0.780779
0.707107,2.47487,0.813213
0.0353553,3.8007,0.766003
0.565685,0.194454,0.789076
0.353553,0.813173,0.785165
39.2444,19.799,nan
31.8198,38.7141,1.32446
3.21734,4.08354,1.28395
2.43952,1.41421,1.29817
3.53553,0.548008,1.30798
1.06066,0.883883,1.31252
2.82843,5.12652,1.36295
0.565685,5.23259,1.41357
2.82843,2.40416,0.627921
4.59619,1.94454,0.608556
3.85373,0.335876,0.588071
0.707107,1.92687,0.653714
1.41421,0.353553,0.68541
1.41421,0.707107,0.694877
0.707107,0.353553,0.689121
1.0253,1.25511,1.45374
2.89914,1.89151,1.47163
1.90919,3.25269,1.44129
2.58094,3.37643,1.48878
1.41421,1.5026,1.47467
1.48492,0.0353553,0.726483
0.636396,1.06066,0.739226
0.353553,0.141421,0.741569
0.707107,1.23744,0.756297
1.41421,0.353553,0.752668
0.671751,0.335876,0.748044
0.919239,0.901561,0.737506
0.707107,0.176777,0.739749
2.75772,1.06066,0.752231
2.12132,1.76777,0.731006
1.41421,0.353553,0.726104
0.707107,1.06066,0.740036
0.494975,0.671751,0.747821
0.636396,0.0707107,0.749259
1.41421,1.0253,0.761736
1.41421,0.707107,0.75325
0.707107,1.06066,0.766772
1.06066,1.62635,0.78546
3.11127,2.05061,0.809667
0.601041,3.34108,0.834544
0.636396,0.0176777,0.832183
0.424264,0.601041,0.82855
2.68701,3.71231,0.812153
0.601041,1.04298,0.800867
2.12132,1.46725,0.799684
1.41421,0.353553,0.804234
0.53033,0.972272,0.813692
1.52028,1.0253,0.807009
1.27279,0.053033,0.827577
1.0253,1.29047,0.837823
2.47487,1.75009,0.716211
2.43952,0.724784,0.815011
0.742462,0.883883,0.817359
0.707107,0.0176777,0.804563
2.05061,0.707107,0.759107
2.08597,1.39654,0.791652
1.41421,0.0176777,0.791435
0.989949,0.141421,0.790365
0.353553,0.742462,0.781724
1.37886,0.159099,0.790772
0.707107,0.335876,0.800057
2.01525,0.866206,0.815392
0.919239,1.00763,0.816505
0.353553,2.89914,0.849155
0.671751,0.866206,0.848423
0.671751,0.707107,0.825335
0.636396,0.0176777,0.751468
0.53033,0.0176777,0.74054
0.707107,0.654074,0.738245
0.353553,1.94454,0.795845
1.41421,0.176777,0.829442
1.76777,0.176777,0.71534
2.96985,2.36881,0.738385
0.707107,0.989949,0.834029
0.353553,0.53033,0.859006
1.41421,0.53033,0.856672
130.815,6.36396,1.518
14.1421,8.83883,1.74205
0.671751,3.19966,1.71174
2.75772,0.371231,1.38928
2.96985,1.13137,0.81544
0.106066,3.94212,0.833875
2.08597,2.54558,0.835384
1.37886,5.97505,0.692686
3.18198,1.25511,0.730001
0.636396,0.0707107,0.708437
0.353553,0.141421,0.755336
0.53033,1.25511,0.741573
0.0353553,0.282843,0.744324
0.671751,3.0052,0.764284
0.636396,0.0176777,0.769945
0.601041,0.053033,1.35063
3.85373,2.89914,1.32929
0.353553,0.724784,1.38553
2.08597,0.548008,1.38034
1.20208,2.35113,1.36279
2.2981,0.512652,0.730562
1.87383,1.55563,1.35288
1.52028,0.176777,1.35128
1.41421,0.0176777,1.35392
1.0253,0.123744,1.35567
0.707107,0.159099,1.35728
0.989949,0.141421,0.815513
0.0353553,1.04298,0.810255
1.23744,0.601041,0.84631
2.26274,1.04298,0.832149
2.75772,0.247487,0.840148
1.76777,0.565685,0.835651
1.06066,0.353553,0.842677
0.707107,0.883883,0.849123
0.636396,0.0353553,0.851426
0.707107,0.0353553,0.841575
0.282843,0.494975,0.8574
0.707107,0.919239,0.84918
0.282843,0.141421,0.871351
0.636396,0.176777,0.839463
0.565685,0.0353553,0.834502
2.43952,1.11369,0.856062
1.73241,0.0707107,0.855681
0.318198,0.353553,0.831386
2.43952,0.671751,0.853297
2.08597,0.176777,0.846234
2.08597,0.0353553,0.846429
1.06066,0.512652,0.83997
0.0353553,0.159099,0.742824
3.0052,2.36881,0.824415
3.18198,0.053033,0.825033
2.79307,0.194454,0.827258
2.47487,0.194454,0.743258
1.06066,8.13173,0.782738
2.79307,3.37643,0.744601
0.53033,1.13137,0.736906
0.601041,0.671751,0.717982
0.671751,0.0353553,0.746096
0.707107,1.39654,0.718484
0.989949,1.55563,0.703661
0.707107,0.848528,0.676463
0.671751,0.0176777,0.674572
1.37886,1.06066,0.695635
1.23744,0.0707107,0.673689
1.30815,0.0353553,0.679899
1.37886,0.0353553,0.686083
0.353553,0.512652,0.691241
1.41421,0.53033,0.720303
1.20208,0.0707107,0.721226
0.53033,0.335876,0.722796
1.0253,2.72236,0.749639
0.813173,0.0707107,0.748864
0.707107,0.76014,0.733665
0.848528,0.777817,0.707031
0.671751,0.0883883,0.694841
0.141421,0.265165,0.691644
0.671751,0.441942,0.680575
1.3435,0.335876,0.678555
0.141421,0.813173,0.69992
0.671751,0.265165,0.692367
0.919239,0.123744,0.771336
1.06066,0.0707107,0.722901
0.954594,0.053033,0.719522
0.883883,0.0353553,0.713022
0.247487,0.601041,0.722946
0.707107,0.724784,0.737002
0.212132,0.459619,0.723422
0.353553,0.989949,0.795011
0.424264,0.388909,0.691221
0.0353553,0.901561,0.67967
0.671751,0.353553,0.774458
0.353553,0.512652,0.714143
0.53033,0.0883883,0.724304
0.53033,3.35876,0.708896
0.53033,0,0.736209
0.0707107,1.53796,0.822583
0.247487,0.159099,0.728501
0.671751,0.494975,0.760934
0.671751,0,0.755633
2.12132,4.93207,0.714235
1.41421,1.06066,0.796837
1.37886,1.39654,0.802771
0.707107,1.75009,0.822118
50.7349,3.97748,1.77495
50.7349,0,nan
13.1875,10.2177,1.64796
9.19239,1.64402,1.67374
5.48008,6.38164,0.98189
10.7834,1.23744,0.984665
1.94454,3.11127,0.962634
3.14663,2.36881,0.982307
0.707107,1.60867,0.998917
3.21734,1.25511,0.9964
1.41421,3.72999,1.03458
2.12132,0.353553,1.03109
0.919239,4.91439,0.980839
0.707107,2.72236,0.952195
1.52028,0.406586,0.947892
0.707107,0.441942,0.943234
0.883883,0.159099,0.941583
1.27279,1.53796,0.924492
0.353553,1.30815,0.910733
0.636396,0.919239,0.936721
1.73241,0.548008,0.930844
1.06066,0.371231,0.926824
0.707107,0.176777,0.928799
0.318198,0.159099,0.930563
1.9799,0.22981,0.928101
0.459619,1.92687,0.906956
1.52028,4.91439,0.851025
0.353553,1.04298,0.931687
1.41421,0.53033,0.964491
1.0253,1.25511,0.978424
1.06066,0.0176777,0.930242
1.20208,0.0707107,0.929469
0.636396,0.565685,0.935878
1.80312,1.36118,0.920611
0.53033,0.601041,0.913852
2.01525,2.54558,0.88455
1.94454,0.0353553,0.884994
0.707107,1.85616,0.829529
1.23744,0.972272,0.81757
1.06066,4.68458,0.846497
2.82843,0.883883,0.801193
2.22739,1.36118,0.812874
1.73241,2.22739,0.839704
1.06066,7.79585,0.927976
5.09117,3.85373,0.885366
0.318198,2.10364,0.90886
1.09602,0.707107,0.901096
0.0353553,2.96985,0.864459
1.41421,4.26032,0.911064
0.0353553,0.689429,0.892127
0.494975,0.22981,0.863136
1.41421,3.28805,0.922972
0.707107,1.06066,0.911536
1.37886,0.371231,0.819086
1.16673,2.01525,0.803952
2.08597,1.83848,0.770411
3.6416,0.954594,0.814074
2.6163,0.159099,0.788719
1.23744,0.194454,0.807402
1.6617,0.141421,0.814431
1.23744,0.141421,0.855917
0.919239,0.159099,0.857741
0.671751,0.936916,0.820772
0.0353553,1.73241,0.840116
1.3435,0.689429,0.816439
0.883883,0.795495,0.830776
0.565685,0.194454,0.827673
0.636396,0.601041,0.826943
2.40416,0.494975,0.821886
1.76777,0.353553,0.828751
2.43952,0.371231,0.816882
1.69706,0.335876,0.807984
1.76777,1.73241,0.832679
1.41421,0.176777,0.825398
1.06066,0.53033,0.825414
2.82843,1.23744,0.817763
2.54558,0.106066,0.794994
1.30815,0.548008,0.788977
1.80312,0.247487,0.823719
0.671751,0.0353553,0.819339
1.06066,0.194454,0.842458
1.44957,0.159099,0.825079
0.282843,3.30572,0.829494
0.353553,0.0353553,0.856559
0.671751,0.194454,0.856094
0.777817,0.724784,0.86124
0.636396,0.636396,0.852197
1.9799,1.3435,0.789562
1.87383,0.123744,0.831152
1.09602,0.282843,0.818258
1.90919,0.30052,0.82042
0.707107,0.106066,0.824361
0.777817,0.106066,0.82297
0.318198,1.46725,0.841991
1.16673,0.777817,0.831746
1.3435,0.159099,0.838798
0.989949,0.176777,0.831627
1.37886,0.83085,0.846006
1.69706,0.548008,0.840266
1.20208,0.247487,0.853506
0.954594,4.36638,0.899213
1.20208,1.29047,0.896898
1.06066,0.0707107,0.896195
0.707107,0.176777,0.909955
5.6215,0.335876,0.91347
35.3553,6.34628,1.8344
43.8406,4.24264,nan
21.2132,2.82843,1.10986
1.41421,9.19239,0.943481
1.41421,1.41421,1.01274
2.51023,4.75529,0.977904
3.18198,0.0176777,0.978103
2.82843,3.0052,0.956457
2.75772,0.0353553,1.00797
0.671751,0.335876,0.95802
1.3435,0.371231,1.00621
2.01525,8.85651,0.915463
3.04056,1.71473,0.933579
1.76777,0.989949,0.891105
1.55563,1.6617,0.979263
3.07591,5.10885,0.930702
2.36881,0.318198,0.820896
3.9598,0.123744,0.876597
3.71231,0.265165,0.873708
4.278,0.318198,0.930793
1.3435,1.8208,0.950208
2.75772,1.48492,0.965861
2.26274,3.14663,0.93268
1.73241,2.35113,0.907313
1.87383,1.13137,0.911089
0.671751,0.106066,0.89376
2.08597,2.08597,0.932718
1.41421,1.04298,0.932209
0.707107,0.353553,0.9414
0.53033,0.0883883,0.940531
1.6617,0.777817,0.93213
1.3435,1.57331,0.914955
3.14663,3.02288,0.881225
3.50018,0.212132,0.92782
1.3435,0.371231,0.923706
0.0707107,0.353553,0.928829
0.707107,1.37886,0.955715
0.282843,1.20208,0.839292
0.636396,0.176777,0.848355
0.636396,0.353553,0.801281
1.62635,0.636396,0.80892
1.20208,3.18198,0.810086
1.94454,0.371231,0.810061
1.41421,0.972272,0.803534
1.06066,0.176777,0.807097
1.41421,0.883883,0.802102
2.6163,3.99515,0.844476
1.09602,3.97748,0.889198
3.46482,7.23017,0.806456
4.278,0.76014,0.826327
1.76777,0.441942,0.820923
1.73241,3.87141,0.865994
0.707107,1.57331,0.85365
1.83848,2.93449,0.902763
0.707107,0.601041,0.890399
0.777817,0.0353553,0.890887
1.41421,1.09602,0.88374
0.707107,0.353553,0.918313
0.671751,3.55321,0.882693
0.777817,0.724784,0.83444
2.05061,0.636396,0.826699
2.08597,0.0176777,0.872024
1.06066,2.31577,1.70738
3.07591,1.46725,1.67183
1.59099,0.813173,0.811814
1.37886,0.601041,0.831001
1.37886,1.37886,0.813836
0.141421,4.61387,0.870521
3.18198,6.47003,0.917854
2.47487,0.353553,0.921882
0.671751,1.57331,0.939385
2.75772,3.1643,0.973997
2.01525,3.83605,0.932068
1.3435,1.75009,0.912533
0.707107,0.318198,0.916144
1.30815,1.78544,0.936152
0.707107,2.4572,0.963143
2.75772,1.16673,0.950392
0.707107,0.459619,0.971501
0.459619,2.91682,1.00299
3.42947,4.31335,0.956552
3.07591,0.141421,0.955029
0.353553,1.71473,0.979133
2.05061,3.71231,0.938456
2.2981,0.0176777,0.938674
3.3234,2.06829,0.961687
3.28805,1.46725,0.977697
3.3234,0.795495,0.969109
1.9799,2.12132,0.946388
1.27279,0.353553,0.955245
2.2981,0.901561,0.94554
0.742462,0.636396,0.952636
1.41421,2.49255,0.924779
1.3435,0.0353553,0.925211
1.16673,0.0883883,0.931631
0.883883,0.318198,0.935303
0.989949,0.618718,0.939252
0.848528,0.601041,0.946651
1.59099,0.335876,0.942964
0.353553,0.0883883,0.94404
1.41421,0.53033,0.938094
2.08597,0.689429,0.945877
1.62635,0.123744,0.947284
2.12132,0.459619,0.97958
1.76777,0.176777,0.954501
0.707107,0.883883,0.944663
1.0253,0.512652,0.95591
2.12132,0.548008,0.962111
0.0353553,1.39654,0.94651
0.318198,0.176777,0.948534
0.353553,0.689429,0.956292
0.318198,0.618718,0.963305
0.919239,0.689429,0.955631
0.176777,1.04298,0.967285
1.37886,0.106066,0.966129
0.53033,0.424264,0.961441
0.353553,0.0883883,0.971251
2.51023,2.49255,0.982668
0.707107,0.194454,0.98057
0.353553,0.176777,0.978652
1.41421,0.53033,0.957613
1.76777,0.176777,0.959632
0.707107,1.59099,0.976675
1.52028,0.406586,0.976294
2.12132,1.11369,0.974808
2.36881,0.194454,0.96635
1.13137,1.71473,0.990275
1.41421,0.141421,0.988825
0.424264,1.62635,0.958424
0.636396,0.106066,1.00224
1.69706,0.601041,1.00373
0.353553,3.21734,0.974053
1.41421,0.883883,0.978854
1.37886,1.39654,0.913507
1.27279,0.053033,0.913029
0.176777,0.159099,0.914803
0.494975,0.159099,1.00172
0.459619,0.0176777,0.943269
3.11127,2.06829,0.96578
3.81838,0.353553,0.929902
2.79307,0.123744,0.963393
142.836,47.3585,1.41486
28.9914,56.9221,1.32597
10.6066,23.3345,0.578091
3.11127,3.04056,0.824846
4.80833,0.848528,0.841372
1.3435,3.07591,0.82022
2.26274,4.56084,0.796296
0.707107,0.636396,0.804883
0.671751,1.39654,0.823302
1.16673,3.78302,0.877051
0.707107,0.22981,0.948355
2.47487,1.94454,0.904232
0.707107,1.94454,0.880667
3.14663,1.92687,0.856837
2.82843,0.159099,0.859452
2.79307,0.0176777,0.858647
3.11127,2.66933,0.862928
2.43952,0.689429,0.871443
0.707107,1.21976,0.886336
0.989949,1.27279,0.870969
1.41421,0.212132,0.867852
1.41421,2.82843,0.832422
3.28805,1.99758,0.836415
2.47487,3.12895,0.813523
2.12132,0.176777,0.82327
2.68701,0.282843,0.819602
1.41421,0.0707107,0.854668
1.80312,2.139,0.89372
2.33345,1.89151,0.865081
1.87383,0.335876,0.869353
1.55563,2.77539,0.903602
2.36881,2.42184,0.873833
0.636396,2.20971,0.845881
2.6163,0.0707107,0.858676
0.707107,0.601041,0.872182
2.01525,0.654074,0.863935
0.212132,3.23501,0.927158
1.06066,0.636396,0.919494
2.36881,1.71473,0.910031
3.39411,0.76014,0.884749
2.51023,0.441942,0.913272
2.33345,0.0883883,0.9201
3.07591,0.477297,0.920239
2.40416,2.74004,0.907894
3.92444,0.654074,0.900042
3.53553,0.194454,0.919514
3.18198,0.212132,0.917013
3.35876,0.441942,0.905395
2.82843,0.265165,0.896517
0.53033,2.03293,0.920981
2.93449,1.59099,0.90193
1.90919,0.866206,0.912633
1.23744,0.194454,0.914981
0.707107,0.795495,0.911205
0.0353553,1.04298,0.904345
0.565685,0.30052,0.9029
1.0253,0.477297,0.89712
0.707107,0.512652,0.914378
1.59099,2.17435,0.900802
1.09602,0.247487,0.898688
1.90919,1.00763,0.891646
2.26274,0.176777,0.886582
1.3435,0.388909,0.881872
1.69706,0.176777,0.884113
0.636396,0.883883,0.877754
2.82843,1.37886,0.91202
2.12132,0.353553,0.868147
0.707107,0.707107,0.865257
1.87383,3.41179,0.890113
1.30815,0.989949,0.860295
0.848528,1.29047,0.861741
1.69706,1.83848,0.878706
2.96985,1.09602,0.847985
2.96985,0.0353553,0.853447
1.73241,0.618718,0.852006
0.707107,0.512652,0.839719
1.16673,2.139,0.818318
0.353553,1.92687,0.841158
1.41421,0.53033,0.852785
1.30815,0.053033,0.852103
1.30815,2.82843,0.839638
0.0707107,1.39654,0.796535
0.0707107,0.0707107,0.797545
0.353553,0.848528,0.803374
0.353553,0.353553,0.817253
1.83848,0.318198,0.819148
0.0353553,3.02288,0.783553
0.671751,0.353553,0.799819
0.424264,0.123744,1.68549
0.813173,0.618718,1.692
0.742462,3.71231,1.67438
0.282843,0.159099,1.16923
11.3137,2.96985,1.6728
11.3137,0,nan
4.94975,3.18198,1.54885
6.29325,2.12132,1.599
4.24264,0.353553,1.60285
2.79307,7.79585,1.59826
4.49013,4.49013,1.65284
1.06066,5.60382,0.871566
0.707107,0.176777,0.874229
2.82843,13.435,0.98765
1.41421,2.47487,1.01718
3.14663,1.21976,1.04277
2.79307,0.176777,1.0449
2.05061,0.335876,1.04881
2.82843,1.37886,0.947459
1.41421,3.88909,0.899468
0.707107,1.06066,0.918574
4.13657,2.42184,0.948438
0.777817,0.265165,0.945243
3.0052,0.477297,0.93949
2.82843,2.20971,0.960473
3.18198,0.53033,0.954143
1.06066,1.06066,0.941331
0.353553,1.06066,0.943125
1.06066,1.76777,0.921607
1.0253,0.0176777,0.921452
1.06066,0.0176777,0.921692
3.53553,2.2981,0.898831
3.3234,0.106066,0.897577
0.707107,0.601041,0.889988
2.12132,1.41421,0.907906
2.12132,0,0.907985
1.94454,0.0883883,0.906997
0.954594,0.494975,0.913211
0.707107,3.83605,0.960382
2.40416,0.919239,0.959993
1.76777,0.742462,0.951237
2.08597,1.21976,0.965807
0.636396,1.39654,0.936912
0.671751,0.724784,0.888008
0.707107,0.689429,0.925893
1.41421,1.06066,0.915661
2.43952,2.28042,0.942715
5.26795,1.76777,0.963269
2.86378,0.459619,0.940476
2.36881,0.212132,0.942957
3.88909,0.76014,0.895066
3.14663,3.87141,0.928621
4.20729,0.53033,0.929076
2.08597,1.06066,0.941133
2.93449,1.13137,0.881187
3.92444,0.813173,0.951888
4.94975,0.194454,0.937419
4.24264,0.353553,0.955721
0.353553,0.176777,0.935526
3.18198,0.707107,0.915641
2.82843,0.176777,0.919263
0.353553,1.59099,0.923728
2.12132,1.23744,0.937637
1.41421,0.353553,0.913791
0.53033,2.56326,0.909102
0.353553,0.441942,0.914095
0.707107,0.53033,0.908252
2.12132,1.41421,0.914797
2.05061,1.41421,0.902798
2.12132,0,0.905609
2.47487,0.176777,0.97673
0.353553,2.47487,0.987102
3.18198,1.76777,0.979022
6.71751,1.41421,0.966912
1.37886,4.75529,0.925745
0.707107,1.04298,0.928232
0.707107,0.707107,0.936099
9.54594,5.48008,0.990044
4.94975,2.2981,0.965447
0.707107,3.88909,0.923156
2.82843,1.06066,0.929067
0.707107,1.06066,0.834867
6.29325,2.86378,0.893734
5.23259,0.53033,0.893939
3.46482,0.53033,0.877304
3.46482,0,0.893838
2.47487,0.848528,0.90291
2.65165,2.56326,0.858815
1.06066,2.56326,0.913956
3.0052,2.38649,0.82754
3.0052,1.06066,0.839779
3.0052,1.06066,0.838744
1.76777,0.618718,0.846161
2.82843,1.94454,0.866787
1.41421,2.12132,0.799419
0.494975,0.247487,0.802207
0.707107,0.106066,0.820154
0.707107,0,0.83302
3.53553,0.707107,0.797352
3.0052,0.123744,0.779121
0.777817,0.724784,0.81632
0.707107,1.27279,0.802845
3.35876,2.77539,0.835548
2.47487,0.22981,0.839203
1.41421,3.35876,0.803145
1.06066,0.53033,0.717129
2.82843,1.23744,0.781867
2.47487,0.176777,0.783939
0.671751,2.63397,0.816698
0.601041,0.0353553,0.816359
3.18198,0.83085,0.801411
0.671751,4.4371,0.856892
0.0707107,2.52791,0.831534
0.353553,4.73762,0.777841
3.18198,1.76777,0.801113
3.18198,0,0.815292
0.671751,0.194454,0.813145
0.424264,0.83085,0.746491
0.318198,0.053033,0.748885
0.671751,0.883883,0.759357
0.707107,0.724784,0.779188
9.93485,6.66448,0.850757
5.6215,1.37886,0.824798
2.12132,1.75009,0.816731
2.12132,0.707107,0.807832
0.707107,2.12132,0.801121
1.06066,0.883883,0.816643
0.636396,0.141421,0.803949
0.707107,3.57089,0.774783
0.353553,2.65165,0.799464
0.707107,0.53033,0.79635
0.282843,0.141421,0.795206
0.353553,0.388909,0.793986
1.06066,0.353553,0.778874
74.2462,1.23744,1.9561
23.1224,25.5619,nan
1.41421,30.1581,1.75197
1.41421,1.41421,1.65334
1.80312,1.21976,1.63889
2.12132,2.28042,0.666988
4.77297,3.44715,0.68384
3.53553,0.618718,0.688559
2.68701,0.424264,0.689557
2.72236,0.0176777,0.901895
1.52028,1.94454,0.938545
4.45477,3.05824,0.904595
4.03051,4.24264,0.914999
3.6416,3.23501,0.893286
6.04576,1.83848,0.88493
3.74767,5.39169,0.944452
1.41421,1.16673,0.960664
2.33345,0.459619,0.810294
0.707107,0.106066,0.957038
2.12132,2.12132,0.846428
1.0253,1.25511,0.860659
1.13137,0.335876,0.857074
3.81838,2.47487,0.942458
4.94975,1.9799,0.862728
4.17193,3.18198,0.826729
4.20729,2.28042,0.85963
3.18198,0.335876,0.863582
0.707107,4.06586,0.845873
3.85373,1.96222,0.9219
3.3234,0.053033,0.893292
1.9799,0.53033,0.893109
1.41421,0.282843,0.921154
0.742462,1.07834,0.921759
1.20208,0.936916,0.925489
0.353553,2.05061,0.93114
1.52028,1.53796,0.930901
2.68701,0.583363,0.895374
2.08597,2.52791,0.878486
1.41421,1.75009,0.912952
1.37886,1.39654,0.938226
0.0353553,2.12132,0.876168
1.27279,3.44715,0.915408
1.06066,0.106066,0.914243
1.06066,1.44957,0.897937
2.82843,3.04056,0.791359
2.12132,0.353553,0.886622
4.24264,1.06066,0.883897
3.18198,0.883883,0.882146
3.85373,0.335876,0.878505
0.353553,1.75009,0.903589
3.53553,1.23744,0.86087
3.50018,0.0176777,0.86073
2.40416,0.548008,0.831193
3.11127,0.742462,0.862981
1.62635,2.40416,0.866395
2.15668,0.22981,0.863716
3.78302,1.16673,0.856187
1.06066,1.36118,0.899577
0.353553,0.353553,0.867341
0.353553,0.707107,0.874084
1.0253,0.371231,0.86486
0.954594,0.424264,0.860325
3.46482,2.81075,0.882236
0.671751,0.123744,0.883671
0.671751,0,0.825864
1.80312,1.27279,0.845545
1.20208,0.30052,0.865484
3.42947,1.71473,0.876004
0.318198,1.16673,0.847316
1.59099,1.16673,0.856716
1.37886,0.106066,0.867207
0.636396,0.30052,0.869754
0.353553,0.848528,0.879131
0.53033,0.0883883,0.862774
1.41421,0.618718,0.850462
1.06066,0.176777,0.864092
1.06066,0,0.864729
1.37886,1.21976,0.883336
1.41421,0.0176777,0.878374
1.41421,0,0.838378
2.12132,0.353553,0.870124
0.212132,1.16673,0.853986
0.459619,0.583363,0.876659
0.883883,3.50018,0.838613
1.30815,0.919239,0.834242
1.06066,0.548008,0.828243
1.6617,0.335876,0.825666
0.318198,0.424264,0.83845
2.51023,1.09602,0.862439
3.11127,0.689429,0.848963
0.106066,1.96222,0.865164
1.13137,0.194454,0.868876
0.459619,0.795495,0.872038
1.16673,0.53033,0.87218
0.777817,0.441942,0.87128
0.671751,0.76014,0.798559
2.22739,0.671751,0.858849
0.247487,0.883883,0.868777
0.601041,0.565685,0.880745
0.707107,1.43189,0.902166
0.813173,0.76014,0.888191
0.671751,0.0353553,0.888885
0.707107,0.0176777,0.888531
0.353553,0.53033,0.888651
1.3435,3.3234,0.873007
2.01525,0.972272,0.862622
2.68701,0.22981,0.882511
2.6163,0.0353553,0.893711
0.707107,2.36881,0.850915
1.76777,0.53033,0.769066
3.04056,0.989949,0.791973
0.141421,2.79307,0.822979
0.141421,0.424264,0.821796
0.353553,0.318198,0.801117
0.282843,1.37886,0.81888
0.671751,0.512652,0.813985
1.44957,0.388909,0.785665
1.69706,0.123744,0.82186
0.636396,0.176777,0.835604
2.79307,1.04298,0.830294
22.981,9.7404,0.770166
9.2631,15.0614,0.777919
5.16188,10.9955,0.833546
1.94454,3.97748,0.879467
0.601041,1.37886,0.835188
2.08597,1.48492,0.85724
1.87383,0.247487,0.79563
1.09602,1.48492,0.823613
1.23744,1.16673,0.822887
0.424264,3.58857,0.849501
1.62635,5.97505,0.87068
3.35876,2.31577,0.876121
1.41421,2.20971,0.840567
0.707107,0.353553,0.836972
2.12132,0,0.837005
2.82843,0,0.840082
1.69706,0.212132,0.842275
0.353553,1.73241,0.836702
1.59099,1.14905,0.819205
1.76777,0.0883883,0.814304
1.80312,0.0176777,0.808377
1.27279,0.265165,0.810533
2.08597,0.441942,0.800194
0.671751,0.742462,0.802019
0.707107,0.689429,0.789267
1.3435,0.318198,0.751675
1.59099,1.36118,0.794689
2.12132,0.972272,0.773821
0.707107,0,0.773265
0.707107,0.707107,0.766396
1.06066,0.176777,0.770163
1.41421,0.883883,0.766962
1.3435,0.0353553,0.772472
1.41421,0.0353553,0.853882
1.30815,0.053033,0.784457
0.989949,0.159099,0.794535
1.55563,0.459619,0.789779
0.777817,0.388909,0.79755
0.707107,1.09602,0.793573
0.353553,0.53033,0.789548
0.707107,0.176777,0.794345
0.671751,0.689429,0.795674
1.9799,0.053033,0.783443
0.989949,0.494975,0.765203
0.777817,1.06066,0.818628
1.0253,0.441942,0.788123
0.777817,0.548008,0.788309
1.41421,0.0353553,0.762311
0.565685,0.424264,0.810675
2.82843,1.48492,0.793916
2.08597,1.78544,0.765571
0.707107,1.39654,0.756517
1.41421,0.353553,0.79967
0.212132,0.813173,0.813761
0.671751,0.22981,0.75786
2.08597,2.82843,0.73463
2.12132,1.07834,0.745811
1.48492,0.318198,0.777693
1.13137,0.0353553,0.783331
2.96985,0.636396,0.784032
0.494975,2.15668,0.773674
0.176777,1.25511,0.775059
0.53033,4.34871,0.74146
0.282843,1.60867,0.724296
1.30815,0.512652,0.730573
1.0253,0.848528,0.739242
0.176777,0.459619,0.716426
1.06066,0.265165,0.725448
0.707107,1.94454,0.752548
0.318198,1.60867,0.729283
0.707107,0.512652,0.759344
0.636396,0,0.759458
0.353553,0.53033,0.759339
0.671751,0.194454,0.761464
0.0353553,0.353553,0.763556
1.37886,0,0.757777
1.06066,0.159099,0.76536
0.494975,0.777817,0.756114
0.742462,1.29047,0.759939
0.0353553,0.353553,0.750326
1.41421,0.724784,0.742886
1.37886,0.0176777,0.748076
0.919239,3.05824,0.732179
0.353553,0.282843,0.723063
1.27279,3.74767,0.704118
0.601041,1.78544,0.70139
1.13137,1.89151,0.684846
1.62635,0.318198,0.693376
0.989949,0.388909,0.701041
0.707107,0.883883,0.690341
1.37886,0.335876,0.723431
0.707107,0.371231,0.749735
0.353553,0.176777,0.72921
1.20208,0.424264,0.74662
0.106066,1.57331,0.76539
0.106066,0,0.759386
0.353553,0.795495,0.762619
0.0353553,0.159099,0.71194
2.26274,1.14905,0.750568
1.41421,0.424264,0.769311
1.37886,0.0176777,0.769139
3.04056,2.03293,0.780634
3.0052,3.44715,0.796204
0.813173,2.01525,0.758981
0.848528,0.053033,0.71171
0.777817,0,0.735147
1.23744,0.22981,0.713751
1.80312,2.15668,0.719871
0.565685,0.618718,0.7029
2.22739,2.31577,0.700944
2.68701,0.406586,0.702453
0.989949,1.6617,0.719849
4.52548,1.3435,0.707439
0.353553,0.388909,0.718126
2.47487,1.41421,0.686448
3.18198,2.12132,0.720286
0.707107,3.35876,0.808204
0.353553,0.176777,0.816238
0.707107,0.883883,0.818237
1.06066,1.59099,0.824144
1.37886,0.159099,0.810292
2.12132,1.04298,0.831292
1.0253,0.548008,0.805122
0.671751,0.176777,0.80957
1.06066,0.371231,0.6965
0.0353553,3.51786,0.737805
2.22739,0.989949,0.807563
1.83848,2.81075,0.856545
3.18198,0.565685,0.77326
1.90919,6.08112,0.75712
1.41421,0.247487,0.754519
0.601041,0.30052,0.74537
1.30815,0.353553,0.743247
0.353553,1.53796,0.748132
0.353553,0.353553,0.74011
1.80312,1.04298,0.722968
0.353553,0.689429,0.745322
2.58094,1.14905,0.729967
2.89914,1.8208,0.715962
2.79307,1.32583,0.713297
3.21734,0.141421,0.804442
2.54558,0.335876,0.806207
1.73241,0.22981,0.809339
2.36881,0.318198,0.817707
2.40416,2.52791,0.80195
2.33345,0.0353553,0.807556
0.353553,1.83848,0.82797
3.11127,0.318198,0.831477
0.0707107,1.16673,0.818874
1.06066,1.20208,0.832209
1.41421,0.883883,0.792849
0.459619,0.22981,0.813224
0.247487,1.30815,0.827541
1.52028,1.83848,0.807554
1.41421,0.053033,0.812956
0.459619,0.618718,0.796144
0.318198,0.636396,0.809066
0.494975,0.76014,0.817457
1.73241,0.654074,0.818886
0.707107,1.57331,0.859502
0.494975,0.106066,0.858405
0.565685,0.0353553,0.852933
0.707107,0.777817,0.843666
1.3435,1.73241,0.74189
1.06066,0.848528,0.840363
0.353553,0.353553,0.795132
1.69706,1.80312,0.78142
0.707107,0.212132,0.784399
1.41421,0.353553,0.744702
38.1838,14.1421,nan
38.1838,0,0.896051
4.94975,30.7591,0.985045
3.53553,0.707107,0.888811
5.05581,1.5026,0.879633
3.11127,0.406586,0.898766
0.671751,1.92687,0.917633
2.68701,4.29567,0.905111
2.51023,3.72999,0.895733
2.01525,0.212132,0.904558
1.0253,1.6617,0.909925
0.707107,1.1844,0.891793
2.05061,0.671751,0.899329
0.707107,1.37886,0.885139
1.76777,3.0052,0.856406
2.82843,2.2981,0.802878
2.01525,0.053033,0.804131
1.3435,0.335876,0.813036
1.41421,0.0353553,0.815717
0.707107,2.47487,0.77481
0.353553,0.176777,0.790991
1.27279,0.954594,0.786896
1.41421,1.3435,0.778563
2.12132,0.353553,0.788413
2.65165,0.30052,0.767564
2.68701,0.123744,0.762898
2.15668,0.053033,0.76838
1.41421,0.724784,0.761812
1.16673,0.123744,0.760509
1.90919,2.42184,0.732847
1.9799,0.0707107,0.736695
0.424264,1.55563,0.758999
0.671751,0.583363,0.752603
0.212132,2.35113,0.730363
0.0353553,0.795495,0.721273
0.742462,3.92444,0.834058
2.79307,2.51023,0.769993
1.41421,0.0176777,0.763722
0.707107,1.76777,0.783421
0.424264,0.565685,0.759028
1.27279,0.424264,0.748239
2.82843,3.9598,0.708938
4.91439,1.43189,0.695204
1.41421,1.04298,0.704551
4.6669,0.141421,0.706957
3.81838,0.353553,0.702746
3.39411,0.176777,0.699991
2.75772,1.76777,0.708737
2.05061,0.353553,0.706367
2.12132,2.08597,0.685701
1.41421,0.353553,0.682674
2.86378,0.936916,0.676426
3.0052,0.459619,0.685468
1.37886,0.247487,0.678918
0.671751,0.353553,0.687454
2.05061,0.0176777,0.689472
2.72236,2.31577,0.729799
2.51023,0.318198,0.676091
3.14663,0.742462,0.698501
1.37886,5.12652,0.640905
6.36396,2.70468,0.61163
0.707107,1.16673,0.64843
2.65165,0.972272,0.671086
3.3234,0.406586,0.67957
1.48492,2.54558,0.715072
2.08597,3.23501,0.664662
2.12132,0.0176777,0.677579
0.707107,0.707107,0.688087
0.707107,0.707107,0.683365
2.65165,0.406586,0.684313
0.707107,0.406586,0.686726
0.388909,0.548008,0.684129
1.73241,0.742462,0.677845
2.01525,0.176777,0.680187
2.75772,0.335876,0.682388
3.46482,0.353553,0.684306
2.08597,0.724784,0.693642
2.05061,0.0176777,0.69389
0.671751,2.81075,0.650783
0.671751,0.671751,0.659784
1.9799,1.39654,0.650998
2.05061,0.388909,0.711208
1.76777,0.106066,0.693257
1.69706,0.0353553,0.674168
0.989949,0.353553,0.678887
1.69706,0.353553,0.673566
1.94454,0.123744,0.681781
2.43952,0.106066,0.70643
1.0253,1.73241,0.710382
2.54558,0.795495,0.751823
1.76777,0.636396,0.743575
1.41421,0.176777,0.749262
1.37886,0.0176777,0.752291
1.73241,0.141421,0.750487
2.12132,0.194454,0.748621
1.94454,4.33103,0.801968
0.883883,0.53033,0.794713
0.777817,0.053033,0.761788
0.318198,0.795495,0.77016
0.707107,2.06829,0.748582
2.08597,0.689429,0.697856
2.12132,0.0176777,0.711657
1.76777,0.176777,0.736039
0.353553,0.353553,0.803968
4.41942,3.12895,0.806446
1.94454,7.35391,0.861111
3.67696,0.83085,0.850984
1.06066,4.84368,0.896789
2.72236,1.92687,0.874004
4.20729,1.80312,0.858494
0.742462,5.26795,0.792483
2.01525,0.636396,0.807121
3.18198,2.59862,0.773291
4.49013,4.54316,0.83188
3.78302,0.353553,0.830012
3.07591,0.353553,0.815513
1.06066,2.06829,0.795746
0.601041,2.24506,0.830811
1.27279,0.335876,0.816068
1.30815,0.0176777,0.800529
2.33345,0.866206,0.814589
0.212132,1.06066,0.827769
0.0707107,0.0707107,0.84576
1.62635,0.848528,0.835599
1.6617,0.053033,0.811037
0.459619,0.176777,0.819948
1.37886,1.16673,0.808665
2.08597,0.353553,0.800502
0.0353553,1.06066,0.784047
0.671751,1.76777,0.806367
0.671751,1.41421,0.801474
0.636396,0.053033,0.802181
0.707107,0.0353553,0.80494
0.353553,0.141421,0.811257
1.73241,1.39654,0.798731
1.69706,0.0176777,0.80474
0.106066,0.866206,0.793717
2.12132,0.654074,0.764259
1.37886,0.335876,0.806467
0.707107,1.04298,0.793193
0.707107,0,0.799661
0.671751,0.0176777,0.805868
1.9799,1.1844,0.797093
1.20208,1.87383,0.779124
0.0353553,1.32583,0.783675
0.53033,0.777817,0.781603
0.282843,0.654074,0.753397
2.93449,0.936916,0.779801
0.707107,1.14905,0.793916
1.37886,1.78544,0.77222
0.707107,2.4572,0.750954
0.0707107,1.3435,0.739731
1.80312,2.20971,0.783801
1.41421,0.194454,0.784506
2.82843,0.707107,0.793925
0.671751,1.04298,0.782005
0.671751,0.0353553,0.780909
0.954594,0.848528,0.776085
1.09602,0.494975,0.762886
0.919239,0.548008,0.776962
0.989949,0.742462,0.800477
1.41421,0.212132,0.777293
2.08597,1.04298,0.797929
0.671751,1.41421,0.778911
0.212132,0.795495,0.788588
0.212132,0.176777,0.784435
0.494975,0.141421,0.802297
0.601041,0.618718,0.787335
0.282843,0.159099,0.817791
1.16673,0.83085,0.793787
1.13137,3.72999,0.734608
1.20208,1.20208,0.723717
1.73241,0.618718,0.717921
0.671751,0.848528,0.73416
0.0353553,0.989949,0.762052
0.106066,7.74282,0.641114
1.73241,0.388909,0.708968
0.353553,0.972272,0.724661
2.05061,1.90919,0.757636
2.93449,0.618718,0.74868
0.388909,1.62635,0.716366
1.37886,0.494975,0.72064
1.3435,0.0176777,0.727571
1.0253,1.21976,0.715476
0.636396,1.1844,0.703632
0.282843,0.176777,1.97538
0.353553,0.318198,0.833294
0.636396,0.212132,0.774614
0.0707107,0.282843,0.771022
40.9061,11.3314,nan
4.24264,20.5591,0.969854
5.3033,0.883883,0.956214
7.42462,1.41421,0.975061
5.9397,1.80312,0.916955
1.41421,1.55563,0.960198
0.707107,2.47487,0.886357
0.353553,1.59099,0.899491
0.707107,3.35876,0.8377
0.707107,0.707107,0.842367
2.12132,2.82843,0.826234
0.0353553,1.75009,0.858461
3.50018,1.76777,0.828962
1.37886,1.09602,0.848136
2.6163,1.5026,0.908818
1.41421,0.106066,0.907201
0.353553,4.41942,0.974126
3.53553,2.2981,0.868776
3.50018,0.335876,0.888449
3.07591,0.141421,0.911248
0.671751,2.65165,0.880396
3.14663,3.3234,0.932175
2.05061,0.194454,0.790226
1.27279,1.83848,0.813525
1.0253,0.83085,0.827071
1.30815,0.494975,0.856646
3.18198,0.901561,0.849288
0.989949,0.0353553,0.813726
2.01525,3.62392,0.862909
0.707107,0.053033,0.863737
1.0253,1.92687,0.871673
1.06066,1.04298,0.80655
1.06066,1.06066,0.787119
0.707107,0.176777,0.784365
2.96985,1.55563,0.807881
2.47487,0.0353553,0.77339
0.707107,4.41942,0.840121
0.671751,0.0176777,0.770012
2.05061,0.724784,0.794566
2.12132,0.0353553,0.61001
1.0253,0.548008,0.724962
1.41421,0.194454,0.736521
1.3435,0.0353553,0.721524
0.671751,1.00763,0.705345
2.12132,0.689429,0.695597
2.05061,0.0353553,0.720972
1.41421,0.388909,0.715496
0.106066,0.654074,0.708081
2.15668,2.43952,0.768229
2.72236,2.47487,0.707573
0.742462,1.73241,0.679412
2.79307,1.69706,0.714551
0.353553,2.28042,0.677203
1.06066,0.707107,0.703687
1.06066,1.41421,0.695808
2.12132,0.883883,0.695377
1.73241,0.194454,0.699514
1.37886,0.883883,0.743706
0.707107,3.90676,0.678205
0.0707107,1.73241,0.716492
1.3435,3.53553,0.69246
1.69706,1.23744,0.707965
1.06066,1.37886,0.732443
0.601041,0.83085,0.755707
0.989949,1.25511,0.734796
0.636396,0.813173,0.735358
0.707107,0.0353553,0.758015
1.06066,0.106066,0.759891
0.353553,0.707107,0.778379
0.601041,0.83085,0.757174
0.636396,0.0176777,0.693254
0.813173,0.265165,0.73091
1.41421,0.053033,0.69988
2.43952,0.512652,0.722689
0.989949,0.689429,0.701972
0.707107,0.141421,0.688251
1.76777,1.59099,0.678379
1.55563,1.30815,0.67002
0.53033,0.194454,0.691505
0.176777,0.53033,0.689682
0.0353553,0.777817,0.720728
1.37886,0.707107,0.747659
1.37886,2.08597,0.773556
0.247487,0.494975,0.820546
1.06066,0.0176777,0.742686
0.989949,0.388909,0.827478
1.37886,0.194454,0.747135
0.707107,0.335876,0.780546
0.353553,0.176777,0.7814
1.37886,0.866206,0.808661
1.0253,0.53033,0.821484
0.671751,0.848528,0.80709
0.742462,0.636396,0.810442
0.813173,0.671751,0.806766
1.73241,0.106066,0.797376
0.353553,0.724784,0.80032
1.06066,0.353553,0.698233
0.919239,2.40416,0.658248
0.565685,0.883883,0.676683
0.954594,1.21976,0.741964
1.44957,0.777817,0.744103
1.06066,0.371231,0.766163
1.76777,0.707107,0.754133
1.37886,0.194454,0.773626
3.0052,1.3435,0.765404
0.707107,0.265165,0.762657
2.05061,0.0353553,0.758696
0.636396,0.707107,0.775591
1.62635,3.25269,0.722811
2.12132,0.247487,0.709599
1.9799,0.0707107,0.733652
0.494975,0.671751,0.721784
0.212132,0.353553,0.745329
0.494975,0.353553,0.72531
2.96985,0.247487,0.710292
0.353553,1.80312,0.660349
0.353553,0.353553,0.66784
1.06066,0,0.685321
1.0253,0.0176777,0.631401
0.777817,0.053033,0.639484
0.282843,0.742462,0.673183
0.353553,0.0353553,0.665196
0.671751,1.21976,0.698539
0.0353553,0.353553,0.705458
29.5571,5.7806,nan
3.53553,9.43988,0.823032
14.1068,5.32098,0.73535
9.89949,2.10364,0.697298
12.0208,1.06066,0.507663
7.07107,1.76777,nan
8.13173,0.53033,nan
6.32861,0.194454,0.4718
3.88909,1.57331,0.416091
3.18198,6.01041,nan
2.12132,0.176777,nan
2.05061,0,nan
0.671751,1.39654,nan
2.01525,1.37886,0.564945
0.707107,0.724784,0.584027
1.3435,1.0253,0.657516
1.30815,0.053033,0.656474
1.80312,5.44472,0.699246
0.742462,1.27279,0.756176
1.59099,0.813173,0.817398
2.51023,2.33345,0.839158
2.47487,5.00278,0.740773
0.282843,0.742462,0.73467
0.565685,1.69706,0.759371
1.62635,0.176777,0.75494
0.671751,5.88666,0.649559
0.0353553,3.14663,0.578416
0.707107,1.71473,0.634327
3.46482,1.73241,0.652348
2.08597,3.19966,0.56155
1.41421,0.335876,0.60949
2.89914,3.14663,0.689643
2.72236,5.95737,0.561949
1.48492,0.654074,0.570993
1.23744,4.826,0.30387
1.41421,1.32583,0.444033
3.42947,1.00763,0.491075
1.41421,0.406586,0.510815
0.989949,0.212132,0.587495
1.48492,0.247487,0.638593
0.848528,0.318198,0.718753
2.43952,0.265165,0.720669
2.79307,2.6163,0.773856
0.0353553,1.76777,0.74872
2.79307,2.82843,0.77224
5.6215,0.707107,0.758008
2.47487,0.548008,0.769446
2.82843,0.176777,0.764401
2.12132,2.47487,0.812956
0.53033,1.32583,0.841521
0.353553,0.265165,0.793822
1.41421,0.176777,0.79849
0.707107,0,0.794493
1.0253,0.159099,0.787404
1.87383,0.636396,0.799917
1.59099,0.0707107,0.801202
1.9799,1.85616,0.83492
2.05061,2.08597,0.800296
2.12132,0.671751,0.78371
3.78302,1.64402,0.811631
0.707107,4.71994,0.811609
2.08597,1.78544,0.862466
0.0353553,1.06066,0.835164
0.707107,1.43189,0.776873
1.37886,1.04298,0.750118
6.6468,1.36118,0.725346
6.36396,1.44957,0.685784
2.36881,3.65928,0.824031
2.12132,2.59862,0.779052
1.69706,0.141421,0.760896
1.62635,0.388909,0.768765
1.76777,3.46482,0.827884
2.01525,0.194454,0.824623
0.671751,0.671751,0.775668
1.94454,1.3435,0.737061
0.353553,1.5026,0.707821
1.27279,0.212132,0.768047
1.80312,0.441942,0.720133
3.88909,0.30052,0.583476
1.37886,0.159099,0.669915
2.96985,0.441942,0.678601
2.43952,0.265165,0.698637
7.03571,2.33345,0.65256
3.85373,0.176777,0.715899
1.80312,1.06066,0.695508
3.42947,1.55563,0.72551
2.47487,0.583363,0.735744
0.353553,3.53553,0.675879
0.318198,0.335876,0.669
1.41421,0.548008,0.662013
0.707107,0,0.662145
0.707107,1.41421,0.712447
1.41421,1.06066,0.711548
0.707107,0.353553,0.705181
0.671751,0.689429,0.730907
2.51023,1.59099,0.748104
3.88909,1.04298,0.709246
0.353553,2.12132,0.684706
3.53553,1.59099,0.723519
0.671751,1.39654,0.679498
5.12652,2.65165,0.77126
8.27315,4.86136,0.816394
5.65685,0.106066,0.777501
1.41421,4.94975,0.695519
0.671751,1.04298,0.683605
5.6215,3.18198,0.782151
0.707107,7.40694,0.897491
0.601041,1.36118,0.919177
3.50018,4.91439,0.831664
73.2563,1.5026,1.03488
19.799,13.8593,1.30746
2.15668,1.75009,1.28027
1.41421,0.371231,0.516364
5.02046,2.15668,0.622614
5.23259,0.106066,0.636612
4.17193,0.459619,0.6243
1.87383,1.57331,0.578555
3.85373,1.3435,0.605408
1.73241,1.0253,0.748053
0.0707107,0.901561,0.727314
0.388909,0.159099,0.75326
0.707107,0.583363,0.720876
0.353553,0.106066,0.738479
0.282843,0.353553,0.86767
1.20208,0.0353553,0.87618
1.37886,0.159099,0.880273
1.62635,0.123744,0.885798
2.19203,6.78823,0.995513
2.82843,2.86378,0.794997
0.671751,2.81075,0.805955
1.41421,1.07834,0.80929
0.707107,0.353553,0.637937
0.353553,0.53033,0.650213
0.212132,0.282843,0.617178
0.353553,0.282843,0.611472
1.27279,0.247487,0.605662
2.15668,1.8208,0.656725
1.41421,0.335876,0.639648
1.06066,0.883883,0.650828
0.671751,0.866206,0.677889
1.41421,4.57852,0.581861
2.65165,2.38649,0.64969
0.601041,4.10122,0.712428
1.09602,0.883883,0.731228
0.636396,0.866206,0.613888
1.73241,0.972272,0.64188
0.707107,2.63397,0.628741
1.37886,0.371231,0.661484
1.73241,0.141421,0.626416
1.41421,0.159099,0.651718
0.848528,0.989949,0.545431
0.671751,0.053033,0.60416
0.707107,0.689429,0.633724
2.12132,0,0.685621
1.6617,0.123744,0.703055
1.41421,0.477297,0.674436
1.9799,0.282843,0.614764
1.41421,0.282843,0.576959
1.41421,0,0.622298
0.919239,0.247487,0.616717
1.59099,0.371231,0.617251
1.06066,0.265165,0.599514
1.0253,3.55321,0.60691
2.12132,0.194454,0.623478
2.08597,0.0176777,0.634497
2.05061,0.0176777,0.591897
2.82843,0.353553,0.590478
1.37886,2.06829,0.642657
0.707107,0.371231,0.65141
1.80312,0.548008,0.65423
2.33345,0.265165,0.631484
1.62635,2.47487,0.696582
1.3435,1.55563,0.613137
1.41421,2.86378,0.668809
2.43952,4.79065,0.568809
1.41421,0.159099,0.581309
1.37886,0.0176777,0.587322
0.671751,0.353553,0.583566
2.79307,1.09602,0.55318
0.707107,1.04298,0.581712
0.424264,0.848528,0.615228
1.62635,0.813173,0.625144
1.06066,0.636396,0.640707
1.06066,1.06066,0.625466
2.19203,0.494975,0.647879
1.59099,1.29047,0.621621
2.54558,0.123744,0.640452
2.08597,0.866206,0.641216
2.47487,2.28042,0.636133
1.52028,2.59862,0.591325
0.671751,0.424264,0.602385
1.23744,0.282843,0.631013
4.56084,1.20208,0.555311
4.6669,0.441942,0.595093
0.707107,0.671751,0.618829
0.671751,0.0176777,0.63008
0.53033,1.30815,0.652026
0.176777,0.53033,0.674465
1.69706,2.88146,0.713708
0.53033,0.583363,0.667998
1.37886,0.459619,0.668794
0.671751,3.14663,0.72603
0.707107,0.0176777,0.744218
1.80312,5.49776,0.829094
1.20208,0.406586,0.8361
2.68701,1.37886,0.796231
1.06066,4.84368,0.870441
0.707107,0.176777,0.82759
2.12132,2.12132,0.861138
0.671751,0.689429,0.873876
0.353553,0.866206,0.820208
2.12132,0.176777,0.823187
1.9799,0.0707107,0.789848
0.883883,0.512652,0.798693
0.53033,0.176777,0.777465
1.41421,1.85616,0.800672
4.20729,1.39654,0.727377
1.41421,0.689429,0.740088
0.707107,1.06066,0.738318
1.37886,3.1643,0.806993
64.6296,12.9224,1.07847
22.6274,8.27315,1.54748
1.90919,8.23779,0.81867
0.671751,1.29047,0.80965
2.12132,2.06829,0.763297
1.41421,1.69706,0.895783
1.83848,0.954594,0.914435
1.27279,0.459619,0.734528
2.12132,2.47487,0.73684
2.22739,0.0883883,0.739083
2.82843,0.441942,0.738865
1.9799,0.282843,0.745986
0.813173,6.45235,0.790537
0.742462,0.0353553,0.683703
2.19203,0.654074,0.607457
1.20208,0.388909,0.616114
5.65685,2.75772,0.662888
5.79828,2.19203,0.687775
1.41421,1.3435,0.869992
0.707107,1.06066,0.607482
2.65165,1.8208,0.59071
1.06066,3.30572,0.579572
1.37886,2.31577,0.52953
2.43952,1.69706,0.66406
5.16188,2.88146,0.745303
3.0052,1.04298,0.711183
0.813173,0.388909,0.670225
2.01525,2.08597,0.613683
3.50018,0.742462,0.634902
1.41421,0.936916,0.659146
3.3234,3.07591,0.734869
3.11127,0.106066,0.712608
2.58094,1.14905,0.74657
3.28805,0.353553,0.729002
2.43952,0.424264,0.72259
0.813173,0.459619,0.714148
0.565685,1.1844,0.68598
0.0707107,0.954594,0.672253
1.37886,4.18961,0.739569
5.16188,2.98753,0.640127
3.9598,0.176777,0.728515
2.47487,0.176777,0.675249
0.353553,0.707107,0.677005
1.55563,2.36881,0.612701
3.3234,2.86378,0.524426
4.38406,3.6416,0.530864
4.52548,1.73241,0.4161
1.80312,0.689429,0.469769
2.93449,3.78302,0.624234
0.707107,1.8208,0.558495
0.707107,0.707107,0.547139
0.707107,0,0.568734
0.707107,1.41421,0.537952
0.0353553,0.972272,0.574538
0.707107,0.265165,0.565309
1.3435,0.318198,0.613788
0.707107,1.09602,0.661899
2.82843,0.353553,0.65211
1.55563,0.176777,0.653402
0.707107,3.0052,0.730871
2.12132,0.707107,0.713777
3.25269,0.247487,0.719578
1.0253,1.11369,0.690775
1.41421,1.21976,0.709011
1.06066,1.94454,0.754658
4.24264,0.176777,0.749987
3.18198,0.883883,0.765169
3.85373,1.07834,0.689771
1.76777,1.39654,0.654721
3.53553,1.23744,0.68589
1.37886,0.371231,0.677591
1.06066,3.8007,0.579907
1.16673,0.053033,0.59353
0.106066,0.53033,0.602412
1.16673,0.53033,0.677518
1.41421,0.83085,0.655596
2.12132,0.353553,0.646716
2.68701,1.76777,0.59204
2.65165,0.0176777,0.620315
1.76777,0.194454,0.638261
3.25269,1.16673,0.669966
2.82843,0.141421,0.700315
3.39411,0.247487,0.673166
0.106066,1.75009,0.621371
3.42947,1.0253,0.652659
1.76777,1.57331,0.707485
3.50018,0.901561,0.694801
2.79307,0.353553,0.71518
2.08597,3.18198,0.791641
2.01525,0.0353553,0.782656
1.94454,0.0353553,0.76362
1.41421,2.42184,0.798485
4.80833,3.25269,0.785018
3.53553,0.282843,0.768532
1.3435,0.671751,0.753401
2.08597,0.30052,0.745777
2.82843,0.724784,0.728722
0.707107,1.06066,0.753998
3.11127,1.55563,0.716461
0.919239,3.14663,0.590823
0.0353553,5.92202,0.506199
3.25269,3.23501,0.411864
2.01525,1.32583,0.670802
0.707107,0.0176777,0.657398
3.18198,1.09602,0.617639
1.9799,1.59099,0.566791
1.90919,0.0353553,0.598072
5.3033,2.05061,nan
10.8187,3.46482,0.569045
8.13173,0.0707107,0.571002
3.53553,4.41942,nan
9.86414,3.1643,0.653105
10.0409,1.11369,0.593988
4.24264,2.40416,nan
4.87904,1.76777,nan
4.56084,0.159099,0.471576
0.353553,2.4572,nan
5.65685,2.65165,nan
5.6215,0.689429,0.408662
4.24264,0.0176777,0.462722
0.353553,2.2981,nan
3.50018,1.92687,0.433583
5.40937,0.954594,nan
6.01041,0.30052,0.502259
5.6215,2.59862,nan
2.79307,1.41421,0.556808
4.10122,0.654074,0.52428
3.46482,2.43952,0.582903
2.72236,1.04298,0.597409
3.25269,0.265165,0.588663
3.21734,0.0176777,0.481267
4.63155,0.707107,0.626537
1.41421,0.901561,0.685304
0.707107,0.353553,0.739208
0.707107,0.707107,0.71543
3.28805,4.36638,0.616845
2.58094,1.06066,0.562435
2.82843,0.583363,0.771308
4.56084,0.866206,0.754049
4.10122,0.123744,0.804472
3.14663,0.441942,1.04813
0.707107,1.21976,1.01946
1.3435,0.388909,1.06066
0.353553,0.883883,1.03953
1.30815,0.901561,0.990048
1.20208,0.053033,0.959681
1.27279,0.0353553,0.905635
0.0353553,2.74004,1.02768
2.82843,1.39654,0.9307
0.707107,1.06066,0.85575
1.41421,1.76777,0.848183
0.0707107,6.39932,1.0017
0.0707107,0.707107,0.98443
3.50018,1.78544,0.942412
2.12132,0.689429,0.675962
2.08597,0.0176777,0.661568
1.69706,0.159099,0.638766
2.08597,3.37643,0.411971
4.24264,3.1643,0.630068
2.82843,3.53553,0.760465
0.883883,1.85616,0.698134
2.12132,2.20971,0.789772
2.12132,3.53553,0.885642
1.52028,1.46725,1.01184
0.707107,1.36118,1.01991
0.0707107,5.97505,1.0914
0.707107,0.671751,1.07834
48.755,3.90676,nan
21.1425,20.842,nan
20.1172,0.194454,nan
3.53553,5.49776,nan
4.94975,12.7279,1.82639
0.707107,1.41421,1.20917
4.94975,1.41421,1.22911
4.24264,4.59619,1.32267
0.707107,1.76777,1.28764
2.82843,1.76777,1.01761
2.05061,0.388909,0.975739
2.12132,2.08597,0.662332
2.05061,2.08597,0.88231
3.99515,4.01283,0.948074
2.51023,3.25269,0.80788
11.1723,3.8007,0.911739
7.03571,1.46725,0.816201
2.82843,1.39654,1.11005
2.82843,3.53553,1.07615
5.6215,0.689429,1.07202
4.24264,0.724784,1.00388
3.46482,1.06066,1.02949
17.6777,11.3137,0.436949
14.1421,1.76777,0.990275
5.9397,1.55563,1.02465
3.53553,6.85894,1.03771
2.75772,3.92444,1.11701
6.29325,1.76777,1.20835
5.69221,7.37159,1.33158
4.24264,2.10364,1.37904
5.65685,0.707107,1.33362
5.3033,0.176777,1.24644
5.6215,7.23017,1.10415
7.14178,3.58857,1.03851
1.44957,1.43189,0.994245
1.41421,0.0176777,0.994644
3.60624,3.21734,0.928193
4.91439,6.31093,0.895541
4.24264,0.335876,0.903332
3.53553,0.353553,0.935145
0.707107,0,0.93619
2.12132,4.24264,0.835104
0.707107,2.12132,0.777616
2.82843,1.06066,0.74757
2.82843,0.707107,0.768924
0.707107,2.47487,0.714945
3.88909,0.53033,0.705954
0.353553,3.53553,0.694396
1.73241,6.34628,0.434668
4.24264,2.63397,0.657124
0.707107,4.59619,0.905559
0.671751,0.0176777,0.658737
0.0353553,0.353553,0.627322
0.707107,0.335876,0.905249
1.9799,0.636396,0.627729
2.79307,0.406586,0.503268
2.12132,1.75009,0.750732
3.50018,2.10364,0.958495
1.37886,2.43952,0.738713
4.94975,1.04298,0.801891
1.41421,0.353553,0.931598
2.6163,1.52028,0.858879
4.70226,1.07834,0.998641
0.671751,4.13657,0.993332
2.47487,0.936916,1.01414
3.78302,0.618718,1.04885
3.11127,0.335876,1.05641
2.79307,0.548008,0.999884
1.37886,2.08597,0.929537
0.707107,0.335876,0.895047
3.11127,1.23744,0.926301
2.79307,0.901561,0.914621
2.12132,0.335876,0.884312
4.20729,2.4572,0.993439
2.79307,0,0.983191
2.08597,1.76777,0.953273
3.18198,1.57331,1.00098
1.9799,0.883883,0.928534
2.12132,0,0.907518
1.41421,1.76777,0.872215
1.06066,3.35876,0.871998
0.707107,1.23744,0.84834
0.707107,1.41421,0.853853
0.494975,0.813173,0.805334
1.06066,0.0707107,0.815711
0.707107,0.176777,0.821306
6.15183,5.05581,0.968481
7.70746,0.813173,0.948668
3.53553,2.08597,0.947362
2.01525,0.689429,1.03448
2.68701,0.335876,1.00716
2.12132,1.0253,0.757662
2.12132,0.707107,0.761075
1.20208,0.954594,0.887779
3.21734,2.91682,1.01287
1.94454,1.52028,0.977605
0.707107,6.0988,0.826741
2.12132,0.707107,0.81747
5.3033,0.176777,0.883887
3.3234,0.282843,0.789025
1.41421,0.247487,0.693983
3.57089,0.371231,0.806279
3.88909,0.159099,0.812052
3.07591,0.936916,0.80338
0.707107,3.83605,0.935332
4.94975,2.12132,0.781625
4.63155,0.548008,0.777051
4.20729,0.212132,0.784127
1.06066,2.28042,0.828845
3.88909,1.06066,0.848005
2.82843,1.59099,0.869952
4.17193,0.742462,0.850036
0.989949,1.23744,0.861095
0.707107,2.79307,0.780324
3.11127,2.05061,0.840003
2.96985,0.0707107,0.843204
0.601041,0.936916,0.816591
1.37886,0.388909,0.851325
2.43952,0.848528,0.778117
1.83848,0.371231,0.789908
1.76777,0.0353553,0.837449
1.37886,0.194454,0.831729
1.27279,2.88146,0.741528
2.12132,0.424264,0.769635
1.27279,3.11127,0.82941
1.41421,2.19203,0.889413
4.20729,2.81075,0.807766
1.41421,2.10364,0.745282
2.08597,2.4572,0.658815
2.01525,0,0.731446
0.0353553,1.06066,0.764434
0.388909,0.459619,0.761442
0.0353553,0.459619,0.722821
1.41421,0.689429,0.731482
0.0353553,2.81075,0.820011
3.99515,2.12132,0.767632
1.41421,2.8461,0.850352
0.707107,3.18198,0.930743
5.48008,3.09359,0.841785
0.848528,3.1643,0.922274
3.88909,2.72236,0.853781
1.48492,0.141421,0.857774
1.20208,3.6416,0.947717
0,30.3349,1.1202
9.89949,4.94975,0.975048
10.9955,19.9581,nan
6.01041,1.07834,0.502923
8.83883,7.07107,nan
6.29325,2.26274,nan
4.59619,1.20208,0.484296
0.353553,1.41421,0.643815
0.353553,3.53553,0.624493
10.2177,5.28562,0.367771
0.282843,4.96743,0.60848
12.0208,7.63675,nan
5.26795,2.63397,nan
9.72272,3.42947,nan
0.353553,5.85131,nan
0.318198,0.0176777,nan
2.82843,1.14905,nan
2.75772,0.671751,nan
2.19203,2.54558,nan
0.671751,2.06829,nan
0.282843,3.02288,0.688113
3.39411,1.83848,0.772248
4.24264,3.25269,0.863828
4.77297,0.618718,0.843841
2.72236,0.989949,0.807478
2.82843,5.81595,0.740814
2.12132,4.94975,0.414238
3.9598,3.74767,nan
7.00036,1.23744,nan
2.12132,2.43952,nan
7.00036,2.47487,nan
2.05061,2.51023,nan
1.76777,1.20208,nan
1.76777,0.353553,nan
0.353553,0.707107,nan
2.08597,1.92687,nan
5.12652,5.37401,nan
2.82843,4.33103,nan
3.50018,3.90676,nan
2.82843,2.4572,nan
1.80312,1.92687,nan
3.42947,0.106066,nan
0.671751,2.05061,nan
3.42947,2.05061,nan
2.47487,0.123744,nan
1.37886,1.96222,nan
2.47487,1.96222,nan
1.0253,0.689429,nan
1.41421,1.21976,nan
0.707107,1.06066,nan
1.37886,1.04298,nan
3.50018,2.47487,nan
0.353553,4.79065,0.791032
3.53553,1.23744,0.586902
5.3033,1.94454,0.58347
0.707107,3.0052,nan
3.14663,1.21976,0.590499
5.23259,2.17435,0.649128
0.247487,2.4572,0.514407
3.67696,0.654074,nan
0.318198,1.67938,0.411544
3.53553,1.60867,nan
2.82843,0.707107,nan
0.707107,1.76777,0.524039
1.41421,1.76777,nan
1.41421,1.41421,nan
1.41421,0.707107,nan
1.41421,0.707107,nan
1.06066,0.176777,nan
0.353553,1.41421,nan
0.353553,0,nan
0.707107,1.59099,0.471264
1.59099,0.795495,0.442218
2.08597,0.247487,0.474953
1.06066,0.159099,0.685165
1.41421,0.53033,0.709633
2.79307,0.689429,0.675827
1.73241,0.883883,nan
0.0707107,4.04819,0.629846
1.76777,0.848528,0.594426
1.76777,2.47487,nan
3.18198,1.06066,nan
1.41421,1.59099,0.487678
2.08597,1.04298,nan
1.30815,1.0253,0.457914
2.12132,0.689429,0.430193
0.141421,1.3435,0.511052
2.26274,1.27279,0.546254
2.12132,1.13137,nan
3.18198,0.636396,0.519012
2.2981,0.512652,0.725596
3.18198,0.335876,0.634098
2.65165,0.512652,0.589133
0.707107,3.83605,nan
0.707107,0.707107,0.38415
2.12132,1.41421,nan
2.12132,0,0.492557
2.12132,0.707107,0.386947
1.94454,0.618718,0.408813
0.353553,1.32583,nan
0.636396,0.141421,nan
0.707107,0.0353553,nan
0.707107,0.707107,nan
0.671751,0.724784,nan
0.565685,0.053033,nan
0.353553,0.106066,nan
0.707107,0.176777,nan
1.41421,0.353553,nan
1.41421,1.41421,nan
3.53553,3.18198,0.630432
1.76777,3.35876,0.440791
2.47487,2.82843,0.610266
1.41421,0.53033,0.552074
2.47487,0.53033,0.584823
0.353553,1.41421,0.642124
0.707107,0.53033,0.587622
0.353553,0.53033,0.637645
4.31335,2.96985,nan
2.12132,0.0353553,0.406531
1.06066,1.59099,0.341597
0.919239,0.989949,0.611826
8.55599,3.74767,0.695957
8.80348,0.83085,0.62794
1.06066,36.7872,nan
1.41421,2.65165,nan
3.18198,4.41942,nan
6.22254,1.52028,nan
4.84368,0.654074,nan
0.671751,2.82843,nan
0.459619,0.777817,nan
0.707107,9.81111,nan
0.353553,1.23744,nan
0.388909,0.053033,nan
4.20729,2.22739,nan
0.353553,2.28042,nan
2.08597,1.25511,nan
0.353553,1.60867,nan
3.9598,4.278,nan
2.65165,0.053033,nan
2.12132,0.265165,nan
0.707107,1.41421,nan
1.41421,1.06066,1.02092
1.37886,0.689429,nan
6.36396,3.19966,nan
0.212132,1.6617,nan
0.424264,0.318198,1.40564
0.0707107,0.954594,0.974995
0.247487,0.618718,1.15986
0.636396,0.724784,0.863511
0.212132,0.636396,0.89266
1.0253,0.441942,1.18379
0.954594,0.0353553,1.14381
0.353553,0.30052,1.35989
0.707107,0.176777,1.11277
0.353553,0.176777,0.870411
1.76777,1.41421,1.14362
1.06066,0.353553,0.960077
0.176777,0.795495,0.957655
0.176777,0.176777,1.11022
0.176777,0.176777,1.08531
0.176777,0.176777,1.11109
1.55563,0.724784,1.19971
0.353553,0.954594,1.28816
1.41421,0.883883,1.33197
1.06066,0.176777,1.33892
1.76777,0.353553,1.24389
1.41421,0.176777,1.18071
0.707107,0.353553,1.14729
0.742462,0.0883883,1.13735
0.989949,0.053033,1.08287
0.707107,0.848528,0.581596
0.742462,2.10364,1.31246
0.707107,0.689429,1.11682
1.06066,1.59099,1.29351
0.707107,1.23744,1.38701
3.11127,1.27279,1.47456
0.353553,1.73241,1.46038
0.707107,0.53033,1.24829
2.36881,1.92687,0.923146
3.46482,0.583363,0.723515
4.80833,1.73241,1.21536
3.53553,0.636396,1.10698
0.353553,2.65165,nan
2.47487,2.82843,0.986143
2.12132,0.883883,0.750615
0.707107,0.707107,0.867746
2.08597,0.689429,1.00888
0.671751,0.671751,0.967517
0.707107,0.0176777,0.96533
0.919239,1.30815,0.937649
2.79307,0.441942,1.07562
1.41421,0.0176777,nan
0.707107,0.353553,nan
0.707107,0.707107,nan
2.08597,1.43189,nan
2.82843,0.335876,nan
0.353553,2.2981,nan
1.41421,0.883883,nan
2.12132,1.76777,1.39459
2.08597,0.0176777,1.11997
0.636396,2.139,1.39767
0.671751,0.0176777,1.38912
0.919239,0.583363,1.3576
1.06066,0.282843,1.34562
0.707107,1.59099,1.17663
0.0353553,4.26032,1.48492
3.53553,2.139,1.34459
0.707107,2.12132,1.1682
0.671751,0.0176777,1.18089
0.282843,3.30572,0.758916
2.75772,1.23744,0.982686
1.06066,1.27279,nan
0.707107,3.35876,1.25676
2.79307,1.78544,1.15075
2.08597,0.353553,1.18781
0.707107,2.10364,1.04046
0.141421,0.424264,1.10022
0.671751,0.441942,1.04211
0.53033,0.0707107,1.03237
0.565685,0.0176777,1.03487
2.08597,0.795495,1.13555
2.89914,0.76014,1.20996
0.707107,0.777817,1.12884
0.671751,0.0176777,1.09201
1.76777,0.548008,1.01421
3.11127,1.76777,0.671363
3.07591,0.0176777,0.695293
0.707107,1.25511,0.809145
2.82843,1.06066,1.05878
3.78302,0.83085,0.940699
3.35876,0.565685,1.12013
2.93449,0.565685,1.1639
1.41421,0.30052,0.997262
1.41421,2.12132,nan
7.35391,1.23744,0.6992
4.91439,0.901561,nan
2.12132,0.0176777,nan
3.42947,0.654074,nan
3.35876,0.0353553,nan
2.08597,0.989949,nan
0.353553,1.21976,1.01462
1.6617,1.43189,nan
2.82843,0.901561,0.906927
3.14663,0.159099,0.654322
1.73241,0.707107,nan
2.79307,0.53033,nan
3.42947,1.09602,0.809626
2.72236,0,0.728581
2.86378,0.0707107,0.919872
3.3234,0.22981,0.752436
2.79307,0.265165,nan
1.94454,0.388909,0.895808
2.82843,0.371231,0.730316
0.53033,1.14905,nan
0.318198,0.0707107,nan
0.601041,0.494975,nan
1.23744,0.212132,nan
0.0353553,2.05061,nan
2.15668,1.06066,nan
1.44957,0.353553,0.981687
2.75772,0.689429,nan
2.08597,0.335876,1.13915
0.707107,1.43189,1.2534
0.671751,0.0176777,1.29472
0.707107,0.0176777,1.21939
0.707107,2.12132,1.4045
0.707107,0.707107,1.12664
2.12132,0.707107,1.28082
3.18198,0.53033,1.22459
2.58094,0.406586,1.25966
0.0707107,0.159099,1.31123
0.707107,0.388909,1.27756
1.06066,0.176777,1.22491
1.41421,0.176777,1.24245
2.12132,0.353553,1.33905
2.05061,0.0353553,1.33641
1.41421,0.318198,1.31027
1.3435,0.0353553,1.23434
2.75772,0.707107,1.16546
2.08597,0.406586,1.11786
2.12132,0.0176777,1.12041
1.76777,0.176777,1.09894
1.37886,0.512652,1.20116
1.69706,0.512652,1.14505
1.73241,0.0176777,1.14746
0.353553,1.04298,1.32206
2.05061,0.848528,1.1709
1.76777,1.20208,1.1801
2.82843,0.53033,1.11947
0.707107,0.707107,1.17946
2.93449,0.618718,1.24128
1.94454,0.353553,1.20758
2.93449,0.671751,1.13468
0.176777,1.55563,1.26359
2.82843,0.795495,1.21842
2.40416,0.141421,1.20908
2.05061,0.176777,1.19167
2.12132,0.0353553,1.18909
0.707107,0.707107,1.253
1.73241,0.159099,1.23868
10.6066,4.04819,1.53238
6.965,1.39654,1.41879
1.06066,0.512652,1.45489
1.41421,0.176777,1.45418
4.24264,2.82843,1.62153
0.707107,1.06066,1.64589
2.08597,2.81075,1.40328
0.388909,1.55563,1.49987
0.777817,0.583363,1.43651
1.41421,1.09602,1.34008
0.494975,0.459619,1.30539
5.26795,1.32583,1.38485
3.14663,1.41421,1.51117
2.82843,0.159099,1.42725
2.01525,0.406586,1.47767
1.94454,0.0353553,1.38773
1.41421,1.67938,1.26417
1.06066,0.176777,1.37836
2.89914,0.989949,1.19164
5.09117,0.318198,1.2224
5.58614,0.883883,1.13395
6.36396,1.41421,0.92295
5.65685,0.388909,0.811985
5.26795,0.901561,nan
6.29325,0.512652,nan
4.59619,1.55563,nan
5.3033,5.3033,1.2349
2.75772,4.03051,nan
0.707107,0.742462,nan
1.41421,0.353553,nan
0.707107,2.47487,0.718435
0.707107,0.707107,nan
1.41421,0.353553,nan
0.671751,1.04298,nan
2.82843,3.19966,nan
3.88909,0.883883,nan
1.0253,2.4572,nan
2.47487,0.724784,nan
0.707107,1.59099,nan
2.43952,10.4475,1.40834
0.0353553,3.28805,1.54966
0.707107,5.35633,1.70651
3.57089,3.51786,1.49159
1.6617,3.04056,1.66448
0.424264,0.371231,1.69682
0.707107,0.141421,1.70403
109.602,21.2132,nan
5.40937,29.2212,1.5603
5.79828,3.34108,1.78983
2.75772,9.68736,nan
7.49533,0.353553,nan
0.282843,3.88909,0.93016
3.50018,1.60867,1.30251
2.72236,0.388909,1.24454
2.6163,0.053033,1.23624
1.41421,0.601041,1.11964
2.47487,0.53033,1.42632
3.53553,0.53033,1.48333
3.50018,0.0176777,1.44241
2.79307,0.318198,1.40707
3.46482,0.371231,1.44914
1.41421,1.09602,1.26249
2.05061,1.73241,1.47887
3.46482,0.671751,1.40636
1.41421,0.353553,1.1243
1.41421,2.82843,1.29638
1.30815,3.19966,1.55479
0.707107,3.51786,1.81304
1.37886,0.371231,1.70463
0.813173,0.318198,nan
4.94975,1.46725,nan
4.59619,0.176777,1.37615
1.41421,1.59099,1.09069
0.0353553,0.689429,nan
2.08597,0.353553,nan
6.32861,4.91439,nan
1.9799,10.5536,nan
4.20729,2.52791,0.757988
3.53553,0.335876,nan
3.07591,0.123744,nan
0.636396,2.91682,nan
0.282843,0.176777,nan
1.41421,0.212132,nan
1.3435,9.15703,nan
5.3033,0.848528,nan
3.53553,0.53033,nan
2.72236,0.654074,nan
4.87904,0.335876,nan
0.388909,2.24506,nan
1.6617,0.636396,nan
0.707107,0.0176777,nan
2.79307,1.75009,nan
1.3435,0.335876,nan
2.79307,0.406586,nan
0.671751,1.73241,nan
3.71231,0.813173,nan
0.989949,1.00763,nan
0.989949,3.50018,0.893841
1.23744,0.583363,nan
0.459619,0.601041,0.895418
0.707107,3.34108,nan
0.707107,0,nan
0.318198,0.901561,nan
1.41421,0.194454,nan
1.37886,0.371231,nan
0.671751,0.353553,nan
0.671751,2.08597,nan
0.388909,1.59099,nan
2.12132,0.194454,nan
0.813173,1.71473,nan
1.76777,0.83085,nan
0.212132,0.989949,nan
1.76777,0.989949,nan
0.707107,2.65165,1.21754
0.671751,0.0176777,nan
0.707107,0.0176777,nan
1.37886,2.8461,nan
0.707107,1.43189,nan
0.0353553,0.371231,nan
0.565685,0.406586,nan
1.87383,0.76014,nan
1.80312,0.0353553,nan
0.282843,1.07834,nan
1.13137,0.707107,nan
0.671751,0.22981,nan
0.707107,1.43189,nan
0.671751,0.689429,nan
0.353553,0.194454,nan
0.707107,0.53033,nan
2.75772,1.0253,0.944999
1.94454,0.406586,nan
0.282843,1.11369,1.0041
2.36881,1.07834,1.13472
0.353553,1.36118,0.854334
1.76777,0.707107,1.23625
2.33345,0.353553,1.24501
3.07591,0.724784,1.13854
2.47487,0.371231,1.14328
2.79307,0.159099,1.1155
2.82843,0.0176777,1.16295
1.41421,0,1.11682
0.247487,1.89151,1.28296
0.106066,2.51023,0.98008
0.636396,1.64402,1.17289
0.671751,1.43189,1.31187
0.636396,2.10364,1.24961
0.707107,0.0353553,1.25466
0.707107,0,0.932308
2.01525,0.654074,1.0828
0.954594,0.176777,1.30864
0.0353553,0.176777,1.24548
0.424264,1.32583,0.807307
2.12132,1.44957,1.3973
3.6416,2.95217,nan
1.37886,2.6163,1.36375
2.01525,1.73241,nan
0.176777,3.21734,1.1268
2.93449,1.37886,1.30994
3.53553,1.00763,1.41121
5.3033,1.59099,1.07542
3.3234,0.601041,1.02797
1.3435,0.282843,1.68772
0.707107,1.06066,1.26732
3.50018,2.10364,0.825627
1.27279,2.42184,1.39845
0.353553,8.23779,1.98489
1.69706,0,1.98524
1.73241,2.88146,nan
1.90919,1.99758,nan
1.06066,0.424264,nan
0.707107,0.53033,1.78444
7.03571,5.32098,nan
12.6926,9.89949,nan
3.50018,2.47487,nan
2.12132,7.79585,nan
0.707107,1.41421,nan
1.41421,6.71751,1.31677
2.82843,3.18198,1.64451
2.47487,2.2981,1.76198
3.39411,1.20208,1.49038
2.82843,0.388909,1.07298
0.707107,1.76777,nan
0.601041,1.36118,nan
0.565685,0.724784,nan
0.0353553,0.265165,nan
2.33345,0.901561,nan
2.12132,0.176777,nan
1.41421,1.06066,nan
2.43952,0.512652,nan
1.20208,0.795495,nan
1.41421,0.601041,nan
1.09602,1.57331,1.16039
2.54558,2.10364,1.36821
4.94975,0.848528,1.23158
3.07591,0.441942,1.32726
0.707107,5.03814,nan
1.41421,1.06066,1.02918
1.41421,2.12132,nan
1.90919,1.69706,nan
2.82843,0.777817,nan
2.12132,0,1.54401
2.08597,1.43189,1.71165
1.41421,0.371231,1.31509
2.82843,0.707107,1.1379
0.707107,0.353553,nan
0.707107,2.12132,nan
1.6617,1.1844,nan
1.41421,0.123744,nan
1.6617,0.123744,nan
0.353553,0.654074,1.05081
1.30815,0.83085,nan
2.82843,0.654074,1.0062
0.707107,0.707107,nan
0.707107,0.707107,nan
2.26274,0.141421,nan
1.48492,0.954594,nan
1.3435,0,nan
1.37886,0.76014,nan
0.636396,0.972272,nan
0.106066,0.371231,nan
0.565685,0.22981,nan
1.23744,1.21976,nan
3.14663,0.954594,nan
1.37886,0.848528,nan
0.318198,0.883883,nan
1.20208,0.972272,nan
0.0353553,0.123744,nan
1.06066,0.159099,nan
0.459619,0.76014,nan
1.06066,0.76014,nan
0.318198,0.689429,nan
0.176777,2.93449,1.31784
3.57089,1.09602,1.38605
0.0353553,3.21734,1.52299
0.0353553,0,1.4845
2.86378,3.46482,0.925979
2.2981,0.212132,1.16283
0.707107,0.618718,1.03161
2.08597,2.81075,1.5164
0.671751,1.37886,1.65123
1.09602,0.212132,1.66679
1.09602,0,1.47833
1.3435,0.159099,1.41084
1.37886,0.0176777,1.31612
0.742462,0.318198,1.27974
1.3435,0.335876,1.22714
0.388909,0.866206,nan
0.601041,0.176777,nan
1.0253,2.26274,1.06976
1.3435,3.37643,nan
0.707107,1.73241,nan
2.12132,4.94975,1.0509
